mode	arm	seed	engine_s	turns
mt	old	5001	7.0820	28577
mt	new	5001	7.9034	28577
mt	new	5002	7.7826	28328
mt	old	5002	7.0063	28328
mt	old	5003	7.0286	28370
mt	new	5003	7.8192	28370
mt	new	5004	7.7325	28262
mt	old	5004	6.9400	28262
mt	old	5005	7.1033	28527
mt	new	5005	7.7570	28527
mt	new	5006	7.7695	28453
mt	old	5006	6.9751	28453
st	old	6001	2.9434	3740
st	new	6001	2.9625	3740
st	new	6002	2.7946	3562
st	old	6002	2.7747	3562
st	old	6003	2.8373	3655
st	new	6003	2.8653	3655
st	new	6004	2.8041	3617
st	old	6004	2.8117	3617
st	old	6005	2.8136	3601
st	new	6005	2.9126	3601
st	new	6006	2.6980	3499
st	old	6006	2.6696	3499
st	old	6007	2.7177	3541
st	new	6007	2.7241	3541
st	new	6008	2.7984	3688
st	old	6008	2.7990	3688
