time	pkg_c	mean_mhz	fan1	fan2
18:49:24	61	2427	2127	2427
18:49:34	84	3779	2130	2377
18:49:44	92	3472	2148	2388
18:49:54	93	3319	3498	3955
18:50:04	92	3520	3901	4369
18:50:14	83	3132	3863	4418
18:50:24	93	3136	3886	4408
18:50:34	94	2855	3908	4389
18:50:44	96	3045	3934	4379
18:50:54	93	3169	3916	4398
18:51:04	91	3452	3893	4428
18:51:14	92	3420	3870	4418
18:51:24	93	2770	3916	4408
18:51:34	92	2999	3893	4389
18:51:44	91	2993	3878	4408
18:51:54	92	3376	3893	4389
18:52:04	93	3060	3916	4398
18:52:14	84	2280	3901	4428
18:52:24	85	2280	3916	4389
18:52:34	84	2380	3916	4408
18:52:44	84	2639	3856	4379
18:52:54	94	3284	3878	4332
18:53:04	93	3000	3916	4408
18:53:14	84	2279	3942	4428
18:53:24	85	2368	3878	4408
18:53:34	84	2479	3893	4369
18:53:44	96	1625	3947	4389
18:53:54	86	2305	3878	4408
18:54:04	85	2380	3901	4379
18:54:14	84	2082	3878	4369
18:54:24	92	3059	3863	4379
18:54:34	84	2757	3942	4389
18:54:44	92	3319	3878	4418
18:54:54	86	2169	3878	4408
18:55:04	85	2326	3863	4389
18:55:14	85	2380	3878	4369
18:55:24	86	2565	3893	4389
18:55:34	93	3123	3916	4408
18:55:45	86	2179	3893	4428
18:55:55	84	2370	3886	4389
18:56:05	86	2276	3924	4369
18:56:15	86	2436	3901	4389
18:56:25	88	1468	3916	4408
18:56:35	89	2430	3901	4389
18:56:45	85	2279	3878	4379
18:56:55	86	2280	3901	4389
18:57:05	86	2288	3924	4428
18:57:15	86	2740	3924	4408
18:57:25	94	3126	3886	4418
18:57:35	86	2279	3863	4428
18:57:45	86	2280	3924	4408
18:57:55	86	2377	3942	4389
18:58:05	86	2580	3878	4369
