#label	after-lto
#suite	all
#date	2026-09-20T15:26:31-07:00
#commit	6b787b3
#dirty	yes
#cxxflags	-std=c++17 -O3 -fopenmp -DNDEBUG -flto (override)
#config	pair_games=50 big_games=200 searches=1600 per_eval=16 threads=14 seed=12345 corpus=20000 reps=5
digest_game	0f82fc99147482e4
digest_engine	db113d11c95bcedb
ns_game_getlegalmoves	1707.6000	1552.7000	1725.8000
ns_game_writegamestate	218.2000	213.5000	222.9000
ns_game_domove_incl_copy	19.7000	18.6000	20.7000
ns_node_ctor_dtor_alloc_heavy	2055.3000	2026.0000	2096.0000
st_engine_seconds	7.1668	6.9790	7.1828
st_wall_seconds	7.9872	7.7560	8.0371
st_turns	971.0000	971.0000	971.0000
st_requests	1248785.0000	1248785.0000	1248785.0000
st_requests_per_engine_second	174247.0000	173857.0000	178935.0000
mt_engine_seconds	1.7228	1.6439	1.7916
mt_wall_seconds	2.7924	2.7715	2.8629
mt_turns	971.0000	971.0000	971.0000
mt_requests	1248785.0000	1248785.0000	1248785.0000
mt_requests_per_engine_second	724870.0000	697038.0000	759644.0000
big_engine_seconds	5.1982	4.9083	5.2700
big_wall_seconds	8.7329	8.5844	9.2423
big_turns	3715.0000	3715.0000	3715.0000
big_requests	4733369.0000	4733369.0000	4733369.0000
big_requests_per_engine_second	910585.0000	898180.0000	964355.0000
speedup_14t	4.1600	4.1600	4.1600
parallel_efficiency_pct	29.7141	29.7141	29.7141
exact_instructions	1022704411	1022704411	1022704411
exact_d1_read_miss	2500033	2500033	2500033
exact_d1_write_miss	966893	966893	966893
exact_branches	128087654	128087654	128087654
exact_branch_mispredicts	11896444	11896444	11896444
exact_alloc_bytes	9181095	9181095	9181095
exact_alloc_blocks	87010	87010	87010
