#label	baseline
#suite	all
#date	2026-09-20T14:57:45-07:00
#commit	d562726
#dirty	yes
#cxxflags	-std=c++17 -O3 -DNDEBUG -g -flto -march=native -fopenmp -Wall -Wextra
#config	pair_games=50 big_games=200 searches=1600 per_eval=16 threads=14 seed=12345 corpus=20000 reps=5
digest_game	0f82fc99147482e4
digest_engine	db113d11c95bcedb
ns_game_getlegalmoves	928.4000	926.9000	929.1000
ns_game_writegamestate	125.8000	121.7000	129.3000
ns_game_domove_incl_copy	10.8000	10.7000	11.3000
ns_node_ctor_dtor_alloc_heavy	1153.5000	1150.9000	1155.4000
st_engine_seconds	4.0779	4.0464	4.1081
st_wall_seconds	4.5641	4.5262	4.5965
st_turns	971.0000	971.0000	971.0000
st_requests	1248785.0000	1248785.0000	1248785.0000
st_requests_per_engine_second	306235.0000	303984.0000	308613.0000
mt_engine_seconds	0.5394	0.5317	0.5531
mt_wall_seconds	0.9457	0.9110	0.9861
mt_turns	971.0000	971.0000	971.0000
mt_requests	1248785.0000	1248785.0000	1248785.0000
mt_requests_per_engine_second	2315268.0000	2257893.0000	2348590.0000
big_engine_seconds	2.4430	2.3803	2.4999
big_wall_seconds	4.0668	4.0051	4.1635
big_turns	3715.0000	3715.0000	3715.0000
big_requests	4733369.0000	4733369.0000	4733369.0000
big_requests_per_engine_second	1937498.0000	1893405.0000	1988566.0000
speedup_14t	7.5601	7.5601	7.5601
parallel_efficiency_pct	54.0005	54.0005	54.0005
exact_instructions	962920578	962920578	962920578
exact_d1_read_miss	2486611	2486611	2486611
exact_d1_write_miss	974137	974137	974137
exact_branches	127525946	127525946	127525946
exact_branch_mispredicts	11788588	11788588	11788588
exact_alloc_bytes	9181095	9181095	9181095
exact_alloc_blocks	87010	87010	87010
