#label	recheck
#suite	engine
#date	2026-09-20T15:29:24-07:00
#commit	6b787b3
#dirty	yes
#cxxflags	-std=c++17 -O3 -DNDEBUG -g -flto -march=native -fopenmp -Wall -Wextra
#config	pair_games=50 big_games=200 searches=1600 per_eval=16 threads=14 seed=12345 corpus=20000 reps=5
digest_game	0f82fc99147482e4
digest_engine	db113d11c95bcedb
st_engine_seconds	7.2241	7.1327	7.2699
st_wall_seconds	8.1024	7.9850	8.1334
st_turns	971.0000	971.0000	971.0000
st_requests	1248785.0000	1248785.0000	1248785.0000
st_requests_per_engine_second	172864.0000	171776.0000	175078.0000
mt_engine_seconds	1.7215	1.6865	1.7399
mt_wall_seconds	2.8046	2.7046	2.8626
mt_turns	971.0000	971.0000	971.0000
mt_requests	1248785.0000	1248785.0000	1248785.0000
mt_requests_per_engine_second	725395.0000	717750.0000	740454.0000
big_engine_seconds	4.9648	4.9122	5.0612
big_wall_seconds	8.7160	8.1647	8.8707
big_turns	3715.0000	3715.0000	3715.0000
big_requests	4733369.0000	4733369.0000	4733369.0000
big_requests_per_engine_second	953394.0000	935234.0000	963588.0000
speedup_14t	4.1964	4.1964	4.1964
parallel_efficiency_pct	29.9743	29.9743	29.9743
