gen	p1_win	draw	p2_win	p2_score	rating	score_vs_best
1	0.46720	0.00200	0.54192	0.54292	579.93	0.9406
2	0.42632	0.01048	0.56336	0.56860	873.29	0.8441
3	0.39552	0.01328	0.59712	0.60376	1176.33	0.8512
4	0.29312	0.01864	0.68848	0.69780	1249.04	0.6031
5	0.23928	0.01728	0.74416	0.75280	1279.95	0.5444
6	0.22008	0.02112	0.76592	0.77648	1293.64	0.5197
7	0.22576	0.02080	0.75128	0.76168	1337.81	0.5632
8	0.19256	0.02080	0.78944	0.79984	1367.63	0.5428
9	0.18984	0.02056	0.79328	0.80356	1354.60	0.4812
10	0.18776	0.01952	0.79560	0.80536	1389.16	0.5309
11	0.18328	0.02048	0.79592	0.80616	1389.37	0.5003
12	0.18136	0.02176	0.79688	0.80776	1381.55	0.4888
13	0.18184	0.01784	0.80088	0.80980	1388.29	0.4984
14	0.18080	0.02208	0.79472	0.80576	1414.17	0.5356
15	0.17272	0.02192	0.80448	0.81544	1430.69	0.5238
16	0.17496	0.01896	0.81160	0.82108	1458.32	0.5397
17	0.22160	0.02496	0.75480	0.76728	1466.79	0.5122
18	0.21672	0.02696	0.75648	0.76996	1474.84	0.5116
19	0.22392	0.02568	0.75072	0.76356	1532.92	0.5828
20	0.25064	0.02744	0.72544	0.73916	1644.29	0.6550
21	0.26072	0.03320	0.71304	0.72964	1705.05	0.5866
22	0.27576	0.04832	0.67448	0.69864	1849.66	0.6969
23	0.28480	0.03520	0.67784	0.69544	2051.39	0.7616
24	0.25384	0.03504	0.70872	0.72624	2113.95	0.5891
25	0.26664	0.02976	0.70784	0.72272	2082.16	0.4544
26	0.25824	0.03008	0.70784	0.72288	2137.43	0.5337
27	0.27816	0.03008	0.69048	0.70552	2209.91	0.6028
28	0.26136	0.03160	0.71192	0.72772	2286.48	0.6084
29	0.26336	0.03104	0.70976	0.72528	2294.08	0.5109
30	0.26040	0.03240	0.70672	0.72292	2382.43	0.6245
31	0.25200	0.02600	0.72568	0.73868	2457.18	0.6059
32	0.25816	0.02872	0.70936	0.72372	2635.51	0.7362
33	0.23808	0.03312	0.72224	0.73880	2709.35	0.6047
34	0.26688	0.03224	0.70064	0.71676	2786.60	0.6094
35	0.30064	0.03168	0.67072	0.68656	2987.43	0.7606
36	0.27920	0.03888	0.68336	0.70280	3088.80	0.6419
37	0.26688	0.03568	0.69984	0.71768	3268.25	0.7375
38	0.25184	0.03520	0.71296	0.73056	3361.64	0.6313
39	0.25280	0.03176	0.71336	0.72924	3412.16	0.5722
40	0.25160	0.03040	0.72240	0.73760	3451.41	0.5562
41	0.25088	0.02984	0.72616	0.74108	3560.86	0.6525
42	0.24592	0.02864	0.72024	0.73456	3640.16	0.6122
43	0.24352	0.03168	0.71856	0.73440	3666.93	0.5384
44	0.25496	0.03928	0.70736	0.72700	3806.94	0.6913
45	0.26024	0.04984	0.68536	0.71028	3860.34	0.5763
46	0.24720	0.04984	0.70008	0.72500	3985.08	0.6722
47	0.26112	0.03488	0.70512	0.72256	4159.25	0.7316
48	0.24832	0.03376	0.70880	0.72568	4239.92	0.6141
49	0.23544	0.03456	0.71968	0.73696	4341.06	0.6416
50	0.24944	0.02928	0.72536	0.74000	4400.92	0.5853
51	0.24728	0.03192	0.71296	0.72892	4454.54	0.5766
52	0.22792	0.03456	0.73840	0.75568	4532.71	0.6106
53	0.24200	0.04032	0.72256	0.74272	4655.00	0.6691
54	0.24040	0.03912	0.72136	0.74092	4725.43	0.6000
55	0.25240	0.04184	0.70536	0.72628	4843.33	0.6634
56	0.25776	0.04112	0.70664	0.72720	5049.27	0.7659
57	0.25536	0.03464	0.70928	0.72660	5164.01	0.6594
58	0.26480	0.04360	0.69528	0.71708	5313.02	0.7022
59	0.26816	0.03248	0.70544	0.72168	5348.75	0.5512
60	0.28256	0.03544	0.68864	0.70636	5413.10	0.5916
61	0.26760	0.02968	0.70304	0.71788	5496.54	0.6178
62	0.25312	0.03480	0.71272	0.73012	5505.01	0.5122
63	0.25496	0.03112	0.71224	0.72780	5497.84	0.4897
64	0.25688	0.03008	0.71440	0.72944	5489.80	0.4781
65	0.24480	0.03128	0.71568	0.73132	5510.22	0.5075
66	0.24968	0.03440	0.71528	0.73248	5500.88	0.4866
67	0.25136	0.02848	0.71544	0.72968	5509.79	0.4994
68	0.25848	0.02864	0.71560	0.72992	5509.14	0.4984
69	0.25584	0.03248	0.71712	0.73336	5495.89	0.4794
70	0.25464	0.03192	0.70728	0.72324	5480.89	0.4579
71	0.25064	0.03080	0.71480	0.73020	5502.83	0.4894
72	0.25216	0.03064	0.72016	0.73548	5503.05	0.4897
73	0.25984	0.03408	0.71464	0.73168	5505.01	0.4925
74	0.25320	0.03088	0.71352	0.72896	5511.75	0.5022
75	0.24024	0.03472	0.72944	0.74680	5476.89	0.4500
76	0.24120	0.03640	0.71784	0.73604	5495.01	0.4759
77	0.23888	0.03568	0.72616	0.74400	5489.13	0.4675
78	0.24360	0.03376	0.72232	0.73920	5484.98	0.4616
79	0.24864	0.01032	0.73664	0.74180	5479.77	0.4541
80	0.25648	0.01040	0.73872	0.74392	5479.99	0.4544
81	0.24704	0.01200	0.73648	0.74248	5494.98	0.4759
82	0.24408	0.01216	0.74592	0.75200	5491.28	0.4706
83	0.24584	0.00976	0.73464	0.73952	5486.07	0.4631
84	0.24632	0.01064	0.74024	0.74556	5499.76	0.4828
85	0.24584	0.01032	0.74048	0.74564	5505.41	0.4909
86	0.24536	0.01128	0.74112	0.74676	5507.58	0.4940
87	0.24960	0.01112	0.73912	0.74468	5517.36	0.5081
88	0.24440	0.01024	0.75392	0.75904	5518.45	0.5016
89	0.23552	0.00992	0.75336	0.75832	5505.63	0.4816
90	0.23816	0.01056	0.73696	0.74224	5509.98	0.4878
91	0.24112	0.01096	0.75072	0.75620	5512.80	0.4919
92	0.24664	0.01008	0.74648	0.75152	5536.49	0.5259
93	0.25560	0.00928	0.74032	0.74496	5537.14	0.5009
