index	P	result	nodes	us
0	9	1	1	1
1	9	0	2	5
2	9	1	1	0
3	9	0	2	1
4	9	1	1	1
5	9	1	1	1
6	9	1	1	0
7	10	1	1	0
8	10	0	3	1
9	10	1	1	0
10	10	0	2	0
11	10	0	2	0
12	10	1	1	0
13	10	0	2	0
14	10	1	1	0
15	10	1	1	0
16	10	1	1	0
17	10	0	2	0
18	10	0	2	0
19	10	1	1	0
20	10	1	1	0
21	10	0	2	0
22	10	1	1	0
23	10	0	3	3
24	10	1	1	0
25	10	1	1	0
26	10	0	2	0
27	10	1	1	0
28	10	1	1	0
29	10	-1	2	1
30	10	1	1	0
31	10	1	1	0
32	10	0	2	0
33	10	-1	2	1
34	10	1	1	0
35	10	0	3	0
36	10	1	1	0
37	10	0	2	0
38	10	0	2	0
39	10	0	2	0
40	10	1	1	0
41	10	1	1	0
42	10	0	2	0
43	10	1	1	0
44	10	0	2	0
45	10	1	1	0
46	10	0	2	0
47	10	1	1	0
48	10	1	1	0
49	10	0	2	0
50	10	1	1	0
51	10	0	2	0
52	10	1	1	0
53	10	1	1	0
54	10	1	1	0
55	10	1	1	0
56	10	1	1	0
57	10	0	2	0
58	10	1	1	0
59	10	0	2	0
60	10	1	1	0
61	10	1	1	0
62	10	0	2	0
63	10	0	2	0
64	10	1	1	0
65	10	1	1	0
66	10	0	2	0
67	10	0	2	0
68	10	1	1	0
69	10	0	2	0
70	10	1	1	0
71	10	1	1	0
72	10	1	1	0
73	10	0	2	0
74	10	0	2	0
75	10	-1	2	1
76	10	0	2	0
77	10	1	1	0
78	10	0	2	0
79	10	1	1	0
80	10	1	1	0
81	10	1	1	0
82	10	1	1	0
83	10	1	1	0
84	10	1	1	0
85	10	0	2	0
86	10	1	1	0
87	10	1	1	0
88	10	0	2	0
89	10	1	1	0
90	10	1	1	0
91	10	0	2	0
92	10	1	1	0
93	10	0	2	0
94	10	1	1	0
95	10	1	1	0
96	10	1	1	0
97	10	1	1	0
98	10	1	1	0
99	10	1	1	0
100	10	1	1	0
101	10	1	1	0
102	10	1	1	0
103	10	1	1	0
104	10	1	1	0
105	10	1	1	0
106	10	-1	2	1
107	10	1	1	0
108	10	1	1	0
109	10	1	1	0
110	10	1	1	0
111	10	1	1	0
112	10	1	1	1
113	10	1	1	0
114	10	1	1	0
115	10	1	1	0
116	10	1	1	0
117	10	0	2	0
118	10	1	1	0
119	10	1	1	0
120	10	1	1	0
121	10	1	1	0
122	10	0	2	0
123	10	1	1	0
124	10	0	2	0
125	10	1	1	0
126	10	0	3	1
127	10	0	2	0
128	10	0	2	0
129	10	1	1	0
130	10	0	2	0
131	10	1	1	1
132	10	1	1	0
133	10	1	1	0
134	10	1	1	0
135	10	0	3	0
136	10	1	1	0
137	10	1	1	0
138	10	1	1	0
139	10	1	1	0
140	10	1	1	0
141	10	1	1	0
142	10	1	1	0
143	10	1	1	0
144	10	0	2	0
145	10	1	1	0
146	10	1	1	0
147	10	1	1	0
148	10	1	1	0
149	10	1	1	0
150	10	0	2	0
151	10	0	2	0
152	10	0	2	0
153	10	1	1	0
154	10	1	1	0
155	10	1	1	0
156	10	1	1	0
157	10	0	2	0
158	10	0	2	0
159	10	0	2	0
160	10	0	3	0
161	10	1	1	0
162	10	1	1	0
163	10	0	2	0
164	10	0	2	0
165	10	1	1	0
166	10	1	1	0
167	10	-1	2	0
168	10	0	2	0
169	10	1	1	0
170	10	0	2	0
171	11	1	1	0
172	11	1	1	0
173	11	1	1	0
174	11	0	2	0
175	11	1	1	0
176	11	1	1	0
177	11	-1	2	1
178	11	1	1	0
179	11	1	1	0
180	11	-1	2	1
181	11	1	1	0
182	11	1	1	0
183	11	1	1	0
184	11	1	1	0
185	11	1	1	0
186	11	-1	2	1
187	11	0	2	0
188	11	1	1	0
189	11	0	3	1
190	11	1	1	0
191	11	0	3	1
192	11	1	1	0
193	11	0	2	0
194	11	1	1	0
195	11	1	1	0
196	11	-1	2	1
197	11	1	1	0
198	11	1	1	0
199	11	1	1	0
200	11	1	1	0
201	11	-1	2	1
202	11	-1	2	0
203	11	1	1	0
204	11	-1	2	0
205	11	1	1	0
206	11	1	1	0
207	11	-1	3	1
208	11	1	1	0
209	11	1	1	0
210	11	1	1	0
211	11	1	1	0
212	11	1	1	0
213	11	1	1	0
214	11	0	2	0
215	11	1	1	0
216	11	0	3	1
217	11	1	1	0
218	11	1	1	0
219	11	1	1	0
220	11	1	1	0
221	11	0	2	0
222	11	0	2	0
223	11	0	3	1
224	11	1	1	0
225	11	1	1	0
226	11	-1	2	0
227	11	1	1	0
228	11	0	2	0
229	11	-1	2	1
230	11	1	1	0
231	11	0	4	1
232	11	0	2	0
233	11	1	1	0
234	11	1	1	0
235	11	1	1	0
236	11	0	2	0
237	11	1	1	0
238	11	1	1	0
239	11	1	1	0
240	11	1	1	0
241	11	1	1	0
242	11	1	1	0
243	11	0	2	0
244	11	1	1	0
245	11	0	2	0
246	11	0	5	1
247	11	1	1	0
248	11	1	1	0
249	11	1	1	0
250	11	1	1	0
251	11	-1	3	1
252	11	1	1	0
253	11	1	1	0
254	11	1	1	0
255	11	0	4	1
256	11	1	1	0
257	11	1	1	0
258	11	1	1	0
259	11	1	1	0
260	11	1	1	0
261	11	1	1	0
262	11	1	1	0
263	11	1	1	0
264	11	1	1	0
265	11	-1	3	1
266	11	1	1	0
267	11	1	1	0
268	11	1	1	0
269	11	1	1	0
270	11	-1	2	0
271	11	1	1	0
272	11	1	1	0
273	11	1	1	0
274	11	1	1	0
275	11	1	1	0
276	11	1	1	0
277	11	-1	2	0
278	11	1	1	0
279	11	0	2	0
280	11	1	1	0
281	11	1	1	0
282	11	1	1	0
283	11	1	1	0
284	11	0	2	0
285	11	1	1	0
286	11	1	1	0
287	11	0	9	1
288	11	1	1	0
289	11	1	1	0
290	11	1	1	0
291	11	1	1	0
292	11	1	1	0
293	11	1	1	0
294	11	1	1	0
295	11	-1	2	0
296	11	1	1	0
297	11	0	2	0
298	11	1	1	0
299	11	0	2	0
300	11	0	2	0
301	11	0	3	1
302	11	1	1	0
303	11	0	2	0
304	11	0	3	0
305	11	1	1	0
306	11	0	2	0
307	11	1	1	0
308	11	1	1	0
309	11	1	1	0
310	11	1	1	0
311	11	1	1	0
312	11	1	1	0
313	11	1	1	0
314	11	1	1	0
315	11	1	1	0
316	11	1	1	0
317	11	1	1	0
318	11	0	3	0
319	11	1	1	0
320	11	1	1	0
321	11	0	3	0
322	11	1	1	0
323	11	0	2	0
324	11	1	1	0
325	11	1	1	0
326	11	-1	2	0
327	11	1	1	0
328	11	0	2	0
329	11	0	3	1
330	11	0	2	0
331	11	1	1	0
332	11	1	1	0
333	11	0	2	0
334	11	1	1	0
335	11	1	1	0
336	11	1	1	0
337	11	1	1	0
338	11	-1	6	3
339	11	1	1	0
340	11	-1	5	2
341	11	0	2	0
342	11	1	1	0
343	11	1	1	0
344	11	1	1	0
345	11	0	5	1
346	11	1	1	0
347	11	1	1	0
348	11	-1	2	1
349	11	1	1	0
350	11	1	1	0
351	11	1	1	0
352	11	1	1	0
353	11	0	2	0
354	11	1	1	0
355	11	1	1	0
356	11	1	1	0
357	11	0	3	0
358	11	1	1	0
359	11	1	1	0
360	11	1	1	0
361	11	1	1	0
362	11	1	1	0
363	11	1	1	0
364	11	1	1	0
365	11	1	1	0
366	11	1	1	0
367	11	1	1	0
368	11	1	1	0
369	11	0	2	0
370	11	1	1	0
371	11	1	1	0
372	11	-1	3	1
373	11	1	1	0
374	11	-1	2	1
375	11	1	1	0
376	11	1	1	0
377	11	1	1	0
378	11	1	1	0
379	11	1	1	0
380	11	1	1	0
381	11	1	1	0
382	11	1	1	0
383	11	1	1	1
384	11	1	1	0
385	11	0	5	1
386	11	1	1	0
387	11	1	1	0
388	11	-1	2	0
389	11	0	2	0
390	11	1	1	0
391	11	0	2	0
392	11	-1	2	1
393	11	0	3	0
394	11	1	1	0
395	11	1	1	0
396	11	0	2	0
397	11	1	1	0
398	11	1	1	0
399	11	1	1	0
400	11	1	1	0
401	11	1	1	0
402	11	1	1	0
403	11	1	1	0
404	11	1	1	0
405	11	1	1	0
406	11	1	1	0
407	11	-1	3	0
408	11	0	2	0
409	11	1	1	0
410	11	1	1	0
411	11	1	1	0
412	11	1	1	0
413	11	0	2	0
414	11	1	1	0
415	11	0	2	0
416	11	1	1	0
417	11	0	2	0
418	11	0	2	0
419	11	1	1	0
420	11	1	1	0
421	11	1	1	0
422	11	-1	2	1
423	11	1	1	0
424	11	0	2	0
425	11	0	2	0
426	11	1	1	0
427	11	1	1	0
428	11	1	1	0
429	11	-1	2	1
430	11	1	1	0
431	11	1	1	0
432	11	1	1	1
433	11	0	2	0
434	11	0	2	0
435	11	1	1	0
436	11	0	9	0
437	11	1	1	0
438	11	1	1	1
439	11	0	2	0
440	11	0	2	0
441	11	1	1	0
442	11	1	1	0
443	11	1	1	1
444	11	1	1	0
445	11	1	1	0
446	11	0	3	1
447	11	1	1	0
448	11	1	1	0
449	11	1	1	0
450	11	1	1	0
451	11	0	3	0
452	11	-1	2	1
453	11	1	1	0
454	11	1	1	0
455	11	1	1	0
456	11	1	1	0
457	11	1	1	0
458	11	1	1	0
459	11	1	1	0
460	11	1	1	0
461	11	1	1	0
462	11	1	1	0
463	11	1	1	0
464	11	1	1	0
465	11	-1	2	1
466	11	1	1	1
467	11	-1	2	1
468	11	1	1	0
469	11	1	1	0
470	11	1	1	0
471	12	1	1	0
472	12	1	1	0
473	12	1	1	0
474	12	1	1	0
475	12	1	1	0
476	12	1	3	1
477	12	1	1	0
478	12	1	1	0
479	12	1	1	0
480	12	-1	2	1
481	12	1	1	0
482	12	1	1	0
483	12	1	1	0
484	12	1	1	0
485	12	1	1	0
486	12	0	3	1
487	12	1	1	0
488	12	1	1	0
489	12	1	1	0
490	12	1	1	0
491	12	1	1	0
492	12	1	1	0
493	12	1	1	0
494	12	1	1	0
495	12	1	1	0
496	12	-1	2	0
497	12	1	1	0
498	12	1	1	0
499	12	1	1	0
500	12	1	1	0
501	12	1	1	0
502	12	-1	2	1
503	12	1	1	0
504	12	0	2	0
505	12	1	1	0
506	12	1	1	0
507	12	-1	2	0
508	12	1	1	0
509	12	1	1	0
510	12	1	1	0
511	12	1	1	0
512	12	1	1	0
513	12	-1	3	1
514	12	1	1	0
515	12	-1	2	0
516	12	0	3	0
517	12	-1	3	1
518	12	0	3	0
519	12	1	1	0
520	12	-1	2	0
521	12	-1	2	1
522	12	1	1	0
523	12	1	1	0
524	12	0	2	0
525	12	1	1	0
526	12	1	1	0
527	12	1	1	0
528	12	1	3	1
529	12	0	2	0
530	12	1	1	0
531	12	1	1	0
532	12	1	1	0
533	12	-1	2	0
534	12	1	1	0
535	12	-1	2	0
536	12	1	1	0
537	12	1	1	0
538	12	-1	11	5
539	12	1	1	0
540	12	1	1	0
541	12	1	1	0
542	12	1	1	0
543	12	1	1	0
544	12	0	7	0
545	12	1	1	0
546	12	1	3	1
547	12	1	1	0
548	12	1	1	0
549	12	1	1	0
550	12	1	1	0
551	12	1	1	0
552	12	-1	3	1
553	12	1	1	0
554	12	1	1	0
555	12	-1	2	0
556	12	1	4	1
557	12	1	1	0
558	12	1	1	0
559	12	1	1	0
560	12	-1	2	0
561	12	-1	2	0
562	12	1	1	0
563	12	1	1	0
564	12	1	1	0
565	12	-1	2	1
566	12	0	2	0
567	12	0	2	0
568	12	1	1	0
569	12	1	1	0
570	12	1	1	0
571	12	-1	5	2
572	12	1	1	0
573	12	-1	11	5
574	12	0	2	0
575	12	-1	2	0
576	12	1	1	0
577	12	0	2	0
578	12	1	1	0
579	12	1	1	0
580	12	-1	3	1
581	12	-1	2	0
582	12	1	1	0
583	12	-1	2	1
584	12	1	1	0
585	12	1	1	0
586	12	1	1	0
587	12	-1	2	0
588	12	1	1	0
589	12	1	1	0
590	12	1	1	0
591	12	1	1	0
592	12	1	4	1
593	12	-1	2	1
594	12	-1	2	0
595	12	1	1	0
596	12	1	1	0
597	12	-1	2	1
598	12	1	1	0
599	12	1	1	0
600	12	1	1	0
601	12	1	1	0
602	12	1	1	0
603	12	0	2	0
604	12	1	1	0
605	12	1	1	0
606	12	1	1	0
607	12	1	1	0
608	12	1	1	0
609	12	-1	2	0
610	12	1	1	0
611	12	-1	3	1
612	12	1	1	0
613	12	1	1	0
614	12	-1	2	0
615	12	1	1	0
616	12	-1	2	0
617	12	0	2	0
618	12	1	1	0
619	12	-1	11	5
620	12	1	1	0
621	12	1	1	0
622	12	1	1	0
623	12	1	1	0
624	12	1	1	0
625	12	1	1	0
626	12	1	3	1
627	12	1	1	0
628	12	0	3	0
629	12	1	1	0
630	12	1	1	0
631	12	1	1	0
632	12	-1	2	1
633	12	1	1	0
634	12	1	3	1
635	12	1	1	0
636	12	1	1	0
637	12	1	1	0
638	12	1	1	0
639	12	1	1	0
640	12	-1	2	0
641	12	1	1	0
642	12	1	1	0
643	12	1	1	0
644	12	1	1	0
645	12	1	1	0
646	12	1	1	0
647	12	1	1	0
648	12	1	5	2
649	12	-1	2	0
650	12	1	1	0
651	12	1	1	0
652	12	1	1	0
653	12	1	1	0
654	12	1	1	0
655	12	-1	2	0
656	12	1	1	0
657	12	1	1	0
658	12	-1	3	1
659	12	1	1	0
660	12	-1	2	0
661	12	0	3	0
662	12	1	1	0
663	12	1	1	0
664	12	1	1	0
665	12	1	1	0
666	12	-1	2	6
667	12	0	2	0
668	12	1	1	0
669	12	-1	2	0
670	12	1	1	0
671	12	1	1	0
672	12	1	1	0
673	12	1	1	0
674	12	-1	2	1
675	12	1	1	0
676	12	1	1	0
677	12	1	1	0
678	12	0	7	0
679	12	1	1	0
680	12	1	1	1
681	12	1	1	0
682	12	1	1	0
683	12	1	1	0
684	12	0	4	1
685	12	-1	10	4
686	12	-1	2	0
687	12	1	1	0
688	12	1	1	0
689	12	1	1	0
690	12	1	1	0
691	12	1	1	0
692	12	1	1	0
693	12	0	9	1
694	12	-1	2	0
695	12	1	1	0
696	12	0	4	3
697	12	1	1	0
698	12	1	1	0
699	12	1	1	0
700	12	1	1	0
701	12	-1	2	0
702	12	1	1	0
703	12	1	1	0
704	12	-1	2	0
705	12	-1	2	0
706	12	-1	2	0
707	12	1	1	0
708	12	-1	2	0
709	12	-1	2	0
710	12	-1	2	0
711	12	-1	2	0
712	12	-1	3	1
713	12	1	1	0
714	12	-1	2	0
715	12	1	1	0
716	12	1	1	0
717	12	0	3	0
718	12	-1	2	0
719	12	1	1	0
720	12	1	1	0
721	12	-1	4	1
722	12	1	1	0
723	12	1	1	0
724	12	1	1	0
725	12	1	1	0
726	12	1	1	0
727	12	1	1	0
728	12	-1	2	0
729	12	1	1	4
730	12	1	1	0
731	12	1	1	0
732	12	1	1	1
733	12	1	1	1
734	12	1	1	0
735	12	1	1	0
736	12	1	1	0
737	12	1	1	0
738	12	-1	2	4
739	12	0	4	7
740	12	1	1	1
741	12	1	1	1
742	12	-1	11	7
743	12	1	1	0
744	12	0	2	0
745	12	1	1	0
746	12	1	1	0
747	12	-1	2	1
748	12	1	1	0
749	12	1	1	0
750	12	-1	2	1
751	12	1	1	1
752	12	1	1	0
753	12	1	1	0
754	12	1	1	0
755	12	0	14	5
756	12	1	1	0
757	12	-1	2	1
758	12	1	1	0
759	12	1	1	0
760	12	1	1	1
761	12	1	1	0
762	12	1	1	0
763	12	0	2	0
764	12	1	1	0
765	12	1	1	0
766	12	-1	2	1
767	12	-1	2	0
768	12	1	1	0
769	12	1	1	0
770	12	1	1	0
771	13	-1	5	2
772	13	1	1	0
773	13	0	4	1
774	13	1	1	1
775	13	1	1	0
776	13	1	5	3
777	13	1	1	1
778	13	0	2	0
779	13	1	1	0
780	13	-1	2	1
781	13	1	1	0
782	13	1	1	0
783	13	1	6	3
784	13	1	1	0
785	13	-1	2	0
786	13	1	1	0
787	13	-1	3	1
788	13	-1	2	1
789	13	1	1	0
790	13	-1	2	1
791	13	1	1	0
792	13	1	1	0
793	13	1	1	0
794	13	1	1	0
795	13	1	1	0
796	13	-1	2	1
797	13	1	1	0
798	13	-1	2	0
799	13	1	1	0
800	13	1	1	0
801	13	1	1	1
802	13	1	1	0
803	13	1	1	0
804	13	-1	2	1
805	13	1	1	0
806	13	1	1	0
807	13	-1	2	0
808	13	-1	2	1
809	13	-1	2	0
810	13	-1	3	1
811	13	1	1	1
812	13	0	4	1
813	13	0	13	8
814	13	1	1	0
815	13	1	1	0
816	13	1	1	0
817	13	1	1	0
818	13	-1	3	1
819	13	1	5	2
820	13	0	5	1
821	13	-1	2	1
822	13	-1	2	1
823	13	1	1	0
824	13	1	1	0
825	13	-1	4	2
826	13	1	1	0
827	13	1	1	1
828	13	0	5	1
829	13	-1	11	7
830	13	1	1	0
831	13	0	2	0
832	13	1	1	0
833	13	0	8	1
834	13	-1	2	1
835	13	1	1	0
836	13	1	1	0
837	13	1	1	0
838	13	1	1	0
839	13	1	1	0
840	13	-1	2	1
841	13	1	1	0
842	13	1	1	0
843	13	1	1	0
844	13	-1	2	1
845	13	1	1	0
846	13	1	1	0
847	13	-1	2	1
848	13	-1	10	6
849	13	1	1	0
850	13	1	1	0
851	13	-1	3	1
852	13	1	1	0
853	13	-1	2	1
854	13	1	1	1
855	13	-1	3	1
856	13	-1	2	1
857	13	1	1	0
858	13	-1	3	2
859	13	-1	2	1
860	13	-1	2	1
861	13	-1	3	1
862	13	1	1	0
863	13	-1	10	5
864	13	1	1	0
865	13	1	1	0
866	13	1	1	0
867	13	1	1	0
868	13	1	1	1
869	13	0	4	2
870	13	1	1	0
871	13	1	1	0
872	13	-1	2	1
873	13	-1	11	7
874	13	-1	12	7
875	13	1	1	0
876	13	-1	2	1
877	13	-1	2	1
878	13	1	1	0
879	13	1	1	0
880	13	1	1	0
881	13	1	3	1
882	13	1	1	0
883	13	0	3	0
884	13	1	1	0
885	13	0	5	1
886	13	1	1	1
887	13	1	1	0
888	13	-1	10	5
889	13	1	1	0
890	13	1	1	0
891	13	1	1	0
892	13	1	7	2
893	13	1	1	0
894	13	0	5	1
895	13	1	1	0
896	13	1	1	0
897	13	1	1	0
898	13	1	1	0
899	13	-1	9	4
900	13	1	1	0
901	13	1	1	0
902	13	1	3	2
903	13	1	1	0
904	13	1	1	0
905	13	1	1	0
906	13	1	1	0
907	13	-1	2	0
908	13	1	1	0
909	13	-1	2	0
910	13	1	1	0
911	13	-1	3	1
912	13	1	1	0
913	13	-1	2	1
914	13	1	1	0
915	13	-1	11	4
916	13	-1	2	1
917	13	1	1	0
918	13	1	1	0
919	13	1	1	0
920	13	-1	5	3
921	13	1	1	0
922	13	1	1	1
923	13	1	1	0
924	13	-1	2	1
925	13	1	1	0
926	13	1	4	2
927	13	-1	11	6
928	13	1	1	0
929	13	1	1	0
930	13	-1	2	0
931	13	-1	2	1
932	13	1	5	4
933	13	1	4	2
934	13	1	1	0
935	13	-1	2	1
936	13	0	3	0
937	13	1	3	1
938	13	1	1	0
939	13	-1	2	0
940	13	-1	2	0
941	13	-1	3	1
942	13	1	1	1
943	13	1	1	0
944	13	-1	2	1
945	13	-1	3	1
946	13	1	3	1
947	13	1	1	0
948	13	-1	11	4
949	13	-1	2	1
950	13	-1	2	1
951	13	1	3	1
952	13	1	1	0
953	13	0	4	1
954	13	1	1	1
955	13	1	1	0
956	13	1	1	0
957	13	1	3	1
958	13	1	1	1
959	13	-1	3	1
960	13	-1	2	0
961	13	1	1	0
962	13	0	2	0
963	13	-1	5	2
964	13	-1	2	0
965	13	1	1	0
966	13	-1	2	0
967	13	-1	12	7
968	13	-1	2	0
969	13	1	1	0
970	13	1	1	0
971	13	1	1	0
972	13	1	1	0
973	13	1	1	0
974	13	-1	3	1
975	13	1	3	2
976	13	1	1	0
977	13	1	1	0
978	13	1	1	0
979	13	1	1	0
980	13	0	12	6
981	13	1	3	1
982	13	0	2	0
983	13	1	1	0
984	13	1	4	2
985	13	-1	3	1
986	13	-1	2	1
987	13	1	1	0
988	13	-1	2	1
989	13	1	1	0
990	13	1	1	0
991	13	-1	2	0
992	13	-1	2	1
993	13	1	1	1
994	13	1	1	0
995	13	1	5	2
996	13	1	1	0
997	13	-1	18	12
998	13	-1	2	1
999	13	1	1	0
1000	13	1	1	0
1001	13	1	1	0
1002	13	-1	3	1
1003	13	-1	2	0
1004	13	1	1	0
1005	13	1	1	0
1006	13	1	3	1
1007	13	1	1	0
1008	13	1	1	0
1009	13	-1	2	0
1010	13	1	1	0
1011	13	1	1	1
1012	13	1	1	0
1013	13	1	3	1
1014	13	1	1	0
1015	13	1	1	0
1016	13	-1	2	1
1017	13	-1	3	1
1018	13	1	3	1
1019	13	1	1	0
1020	13	1	1	1
1021	13	1	1	0
1022	13	0	4	1
1023	13	1	1	0
1024	13	-1	3	1
1025	13	-1	2	1
1026	13	1	1	1
1027	13	1	1	0
1028	13	-1	2	1
1029	13	1	1	0
1030	13	-1	2	1
1031	13	-1	3	1
1032	13	-1	2	1
1033	13	1	1	0
1034	13	1	1	1
1035	13	1	1	0
1036	13	1	1	0
1037	13	1	1	0
1038	13	1	1	0
1039	13	-1	2	1
1040	13	-1	2	1
1041	13	-1	2	1
1042	13	-1	2	0
1043	13	-1	4	2
1044	13	1	1	0
1045	13	1	1	0
1046	13	1	1	1
1047	13	1	1	0
1048	13	1	1	0
1049	13	-1	2	1
1050	13	1	3	2
1051	13	0	2	0
1052	13	-1	3	2
1053	13	1	1	1
1054	13	-1	2	1
1055	13	1	1	0
1056	13	1	1	0
1057	13	1	4	2
1058	13	1	1	0
1059	13	1	1	0
1060	13	-1	2	1
1061	13	1	1	0
1062	13	1	1	0
1063	13	1	3	1
1064	13	-1	12	6
1065	13	1	3	2
1066	13	1	1	0
1067	13	1	1	0
1068	13	1	1	0
1069	13	-1	2	0
1070	13	-1	2	0
1071	14	1	1	0
1072	14	-1	2	0
1073	14	1	1	0
1074	14	1	3	1
1075	14	-1	2	0
1076	14	1	5	2
1077	14	1	3	1
1078	14	1	4	2
1079	14	-1	2	0
1080	14	-1	8	4
1081	14	1	16	8
1082	14	1	1	0
1083	14	-1	13	7
1084	14	-1	3	1
1085	14	1	1	0
1086	14	-1	2	0
1087	14	1	1	0
1088	14	-1	2	0
1089	14	1	1	0
1090	14	1	1	0
1091	14	1	1	0
1092	14	-1	3	1
1093	14	1	3	1
1094	14	1	1	0
1095	14	1	3	1
1096	14	-1	3	1
1097	14	1	1	0
1098	14	1	1	0
1099	14	-1	5	2
1100	14	1	1	0
1101	14	-1	4	1
1102	14	1	1	0
1103	14	1	1	0
1104	14	1	1	0
1105	14	-1	3	1
1106	14	0	3	1
1107	14	1	3	1
1108	14	1	1	1
1109	14	1	4	1
1110	14	-1	2	0
1111	14	1	1	0
1112	14	-1	10	5
1113	14	-1	13	6
1114	14	1	4	2
1115	14	1	1	0
1116	14	0	5	1
1117	14	1	13	6
1118	14	-1	2	0
1119	14	1	1	0
1120	14	1	1	0
1121	14	-1	2	1
1122	14	-1	10	4
1123	14	-1	16	11
1124	14	1	1	0
1125	14	-1	2	1
1126	14	-1	4	2
1127	14	1	16	8
1128	14	-1	11	6
1129	14	1	1	0
1130	14	0	5	1
1131	14	1	1	0
1132	14	-1	2	0
1133	14	1	1	0
1134	14	1	4	1
1135	14	1	1	0
1136	14	1	1	0
1137	14	-1	6	3
1138	14	-1	3	1
1139	14	-1	3	1
1140	14	-1	3	1
1141	14	-1	3	1
1142	14	1	1	0
1143	14	1	1	0
1144	14	1	3	1
1145	14	1	1	0
1146	14	0	13	6
1147	14	1	1	0
1148	14	-1	2	1
1149	14	-1	3	1
1150	14	1	1	0
1151	14	-1	10	4
1152	14	1	1	0
1153	14	1	1	0
1154	14	0	3	1
1155	14	1	1	0
1156	14	1	1	0
1157	14	-1	10	5
1158	14	1	4	1
1159	14	1	1	0
1160	14	1	3	7
1161	14	1	1	0
1162	14	1	3	1
1163	14	1	1	0
1164	14	-1	2	1
1165	14	1	1	0
1166	14	-1	3	2
1167	14	-1	2	1
1168	14	1	1	0
1169	14	1	1	0
1170	14	1	1	0
1171	14	1	1	0
1172	14	0	13	5
1173	14	1	1	0
1174	14	1	3	1
1175	14	-1	2	0
1176	14	1	1	0
1177	14	0	2	0
1178	14	1	1	0
1179	14	1	1	0
1180	14	1	1	0
1181	14	1	1	0
1182	14	1	1	0
1183	14	-1	3	1
1184	14	1	5	3
1185	14	1	1	0
1186	14	-1	2	1
1187	14	-1	3	1
1188	14	-1	3	1
1189	14	-1	3	1
1190	14	1	1	0
1191	14	1	1	1
1192	14	-1	3	1
1193	14	1	1	0
1194	14	1	3	1
1195	14	-1	2	0
1196	14	-1	16	10
1197	14	1	1	0
1198	14	1	1	0
1199	14	-1	2	1
1200	14	-1	2	0
1201	14	1	1	0
1202	14	-1	2	0
1203	14	-1	2	0
1204	14	0	15	9
1205	14	1	5	2
1206	14	-1	2	1
1207	14	-1	2	0
1208	14	1	1	0
1209	14	1	1	0
1210	14	1	3	1
1211	14	1	1	0
1212	14	1	16	8
1213	14	-1	9	3
1214	14	-1	2	1
1215	14	-1	4	2
1216	14	1	1	0
1217	14	1	1	0
1218	14	1	1	0
1219	14	-1	7	3
1220	14	0	12	6
1221	14	-1	2	1
1222	14	-1	8	3
1223	14	1	18	10
1224	14	1	1	0
1225	14	0	25	17
1226	14	0	7	0
1227	14	1	1	1
1228	14	1	1	0
1229	14	1	1	0
1230	14	1	1	0
1231	14	-1	2	0
1232	14	1	7	4
1233	14	1	1	0
1234	14	-1	3	1
1235	14	-1	2	1
1236	14	-1	2	0
1237	14	1	1	0
1238	14	-1	9	4
1239	14	1	1	0
1240	14	1	3	1
1241	14	1	4	1
1242	14	1	3	1
1243	14	-1	12	6
1244	14	1	1	0
1245	14	-1	17	10
1246	14	1	8	3
1247	14	1	1	0
1248	14	1	1	0
1249	14	-1	2	1
1250	14	1	1	0
1251	14	1	3	5
1252	14	-1	3	1
1253	14	1	1	0
1254	14	1	1	0
1255	14	-1	16	8
1256	14	1	1	0
1257	14	-1	2	1
1258	14	-1	6	3
1259	14	-1	2	1
1260	14	1	1	0
1261	14	-1	2	1
1262	14	1	1	0
1263	14	-1	3	1
1264	14	1	1	0
1265	14	-1	2	0
1266	14	-1	16	9
1267	14	0	2	0
1268	14	1	4	1
1269	14	-1	2	0
1270	14	-1	2	1
1271	14	1	1	0
1272	14	0	4	1
1273	14	-1	2	0
1274	14	1	1	0
1275	14	1	5	4
1276	14	-1	3	1
1277	14	1	3	1
1278	14	-1	3	1
1279	14	-1	12	5
1280	14	1	1	0
1281	14	1	1	1
1282	14	0	3	0
1283	14	1	4	1
1284	14	-1	2	1
1285	14	1	3	1
1286	14	1	1	0
1287	14	0	3	0
1288	14	-1	13	6
1289	14	0	27	13
1290	14	-1	3	1
1291	14	-1	2	0
1292	14	-1	3	1
1293	14	-1	2	0
1294	14	1	1	0
1295	14	1	1	0
1296	14	-1	2	1
1297	14	1	5	2
1298	14	1	1	0
1299	14	1	1	0
1300	14	1	17	8
1301	14	-1	11	6
1302	14	1	1	0
1303	14	-1	2	0
1304	14	-1	2	0
1305	14	-1	3	1
1306	14	-1	10	5
1307	14	-1	9	4
1308	14	-1	5	2
1309	14	-1	3	1
1310	14	1	1	0
1311	14	1	12	7
1312	14	-1	2	1
1313	14	-1	2	0
1314	14	1	1	0
1315	14	1	1	0
1316	14	1	4	1
1317	14	1	1	0
1318	14	-1	2	1
1319	14	1	1	0
1320	14	-1	2	0
1321	14	1	3	1
1322	14	1	1	0
1323	14	-1	10	4
1324	14	0	14	4
1325	14	1	1	0
1326	14	1	1	0
1327	14	1	3	1
1328	14	1	3	1
1329	14	1	1	0
1330	14	1	1	0
1331	14	1	4	1
1332	14	1	1	0
1333	14	1	3	2
1334	14	1	1	0
1335	14	-1	10	4
1336	14	1	3	1
1337	14	1	8	3
1338	14	1	1	0
1339	14	1	1	0
1340	14	-1	2	0
1341	14	1	3	1
1342	14	1	1	0
1343	14	-1	2	0
1344	14	-1	2	0
1345	14	1	1	0
1346	14	1	1	0
1347	14	1	9	5
1348	14	-1	13	7
1349	14	1	1	0
1350	14	1	3	1
1351	14	-1	2	0
1352	14	1	3	1
1353	14	-1	4	3
1354	14	0	15	6
1355	14	1	1	0
1356	14	1	1	0
1357	14	1	1	0
1358	14	1	1	0
1359	14	1	1	0
1360	14	1	3	1
1361	14	-1	12	6
1362	14	-1	19	9
1363	14	-1	11	5
1364	14	0	23	12
1365	14	-1	13	6
1366	14	-1	2	1
1367	14	-1	3	1
1368	14	1	1	0
1369	14	1	1	0
1370	14	1	1	0
1371	15	-1	2	1
1372	15	1	1	0
1373	15	1	1	0
1374	15	-1	2	0
1375	15	-1	10	4
1376	15	-1	13	7
1377	15	-1	3	1
1378	15	1	10	4
1379	15	1	1	0
1380	15	-1	9	4
1381	15	1	1	0
1382	15	1	48	23
1383	15	1	3	2
1384	15	0	36	18
1385	15	1	1	1
1386	15	1	16	9
1387	15	-1	2	1
1388	15	0	4	0
1389	15	1	1	0
1390	15	-1	2	1
1391	15	-1	4	1
1392	15	1	1	0
1393	15	1	23	14
1394	15	-1	27	15
1395	15	-1	2	1
1396	15	-1	15	9
1397	15	-1	4	2
1398	15	-1	3	1
1399	15	-1	2	0
1400	15	-1	9	4
1401	15	1	3	1
1402	15	-1	2	1
1403	15	1	4	1
1404	15	-1	26	13
1405	15	0	17	9
1406	15	-1	11	5
1407	15	1	1	0
1408	15	-1	10	5
1409	15	1	1	0
1410	15	-1	26	19
1411	15	1	1	0
1412	15	-1	18	10
1413	15	1	5	2
1414	15	1	1	0
1415	15	1	1	0
1416	15	-1	3	1
1417	15	1	1	0
1418	15	1	14	6
1419	15	1	1	0
1420	15	0	17	6
1421	15	-1	2	0
1422	15	-1	2	1
1423	15	1	1	0
1424	15	-1	14	6
1425	15	-1	2	1
1426	15	1	3	1
1427	15	1	1	0
1428	15	-1	2	0
1429	15	1	1	0
1430	15	-1	2	1
1431	15	-1	13	9
1432	15	-1	5	3
1433	15	-1	9	3
1434	15	-1	10	4
1435	15	1	18	8
1436	15	-1	5	2
1437	15	-1	9	3
1438	15	1	1	0
1439	15	1	1	0
1440	15	1	1	0
1441	15	-1	14	6
1442	15	1	1	0
1443	15	1	5	4
1444	15	0	4	1
1445	15	1	8	2
1446	15	-1	2	0
1447	15	-1	2	0
1448	15	-1	2	0
1449	15	1	1	0
1450	15	-1	4	2
1451	15	-1	10	4
1452	15	-1	11	5
1453	15	-1	4	2
1454	15	-1	12	5
1455	15	-1	34	17
1456	15	-1	10	4
1457	15	1	1	0
1458	15	-1	11	27
1459	15	1	3	4
1460	15	1	1	0
1461	15	-1	18	21
1462	15	1	3	2
1463	15	-1	27	32
1464	15	1	1	1
1465	15	1	1	0
1466	15	-1	8	5
1467	15	-1	2	1
1468	15	1	1	0
1469	15	-1	10	7
1470	15	-1	4	3
1471	15	-1	2	1
1472	15	1	1	0
1473	15	-1	4	4
1474	15	-1	2	1
1475	15	1	5	3
1476	15	-1	12	10
1477	15	1	1	0
1478	15	-1	8	5
1479	15	1	1	0
1480	15	-1	11	6
1481	15	-1	26	17
1482	15	1	14	9
1483	15	1	1	0
1484	15	1	3	1
1485	15	1	1	0
1486	15	1	1	0
1487	15	1	1	0
1488	15	1	3	1
1489	15	-1	2	1
1490	15	-1	4	2
1491	15	-1	11	7
1492	15	-1	2	1
1493	15	1	6	3
1494	15	1	1	0
1495	15	1	1	0
1496	15	-1	4	2
1497	15	1	22	14
1498	15	-1	17	10
1499	15	0	10	4
1500	15	-1	6	4
1501	15	1	3	2
1502	15	1	1	1
1503	15	1	1	0
1504	15	1	3	1
1505	15	-1	36	17
1506	15	-1	3	1
1507	15	-1	4	1
1508	15	1	4	2
1509	15	1	1	0
1510	15	-1	3	1
1511	15	-1	10	5
1512	15	-1	10	5
1513	15	1	1	1
1514	15	1	1	0
1515	15	1	17	9
1516	15	1	1	0
1517	15	1	1	0
1518	15	1	1	0
1519	15	-1	2	1
1520	15	-1	14	7
1521	15	1	1	0
1522	15	1	1	0
1523	15	-1	2	0
1524	15	1	6	3
1525	15	-1	2	1
1526	15	-1	13	9
1527	15	1	4	3
1528	15	1	22	12
1529	15	1	1	0
1530	15	-1	3	1
1531	15	-1	10	5
1532	15	-1	12	7
1533	15	-1	3	2
1534	15	0	17	8
1535	15	1	1	0
1536	15	-1	4	2
1537	15	-1	2	1
1538	15	1	1	0
1539	15	1	22	10
1540	15	1	6	4
1541	15	-1	10	5
1542	15	1	1	0
1543	15	-1	2	1
1544	15	-1	3	1
1545	15	-1	11	6
1546	15	-1	10	6
1547	15	1	19	11
1548	15	1	1	0
1549	15	1	1	0
1550	15	1	15	9
1551	15	1	1	0
1552	15	-1	14	9
1553	15	-1	2	1
1554	15	1	3	2
1555	15	1	3	1
1556	15	0	17	11
1557	15	-1	11	5
1558	15	-1	10	8
1559	15	-1	10	4
1560	15	1	40	22
1561	15	1	3	1
1562	15	1	4	2
1563	15	1	3	1
1564	15	1	1	0
1565	15	0	16	8
1566	15	-1	10	5
1567	15	-1	3	1
1568	15	0	12	6
1569	15	-1	4	2
1570	15	-1	3	2
1571	15	1	1	0
1572	15	1	1	0
1573	15	1	1	0
1574	15	1	1	1
1575	15	1	6	3
1576	15	1	4	2
1577	15	1	3	2
1578	15	0	12	5
1579	15	1	1	0
1580	15	1	4	2
1581	15	1	1	0
1582	15	1	3	1
1583	15	1	3	1
1584	15	1	1	0
1585	15	1	1	0
1586	15	-1	2	1
1587	15	1	15	8
1588	15	-1	3	2
1589	15	1	1	0
1590	15	1	14	7
1591	15	1	3	1
1592	15	1	1	0
1593	15	1	1	0
1594	15	1	1	0
1595	15	-1	25	13
1596	15	0	12	6
1597	15	1	1	0
1598	15	1	1	0
1599	15	1	1	0
1600	15	-1	2	1
1601	15	1	1	0
1602	15	-1	5	2
1603	15	1	1	0
1604	15	0	17	9
1605	15	-1	14	8
1606	15	-1	4	1
1607	15	1	1	0
1608	15	-1	3	1
1609	15	1	1	0
1610	15	1	1	1
1611	15	1	3	1
1612	15	-1	13	8
1613	15	-1	4	2
1614	15	-1	2	1
1615	15	-1	10	6
1616	15	-1	13	10
1617	15	-1	3	2
1618	15	-1	11	6
1619	15	1	1	0
1620	15	1	1	0
1621	15	1	1	1
1622	15	1	1	0
1623	15	1	5	3
1624	15	-1	10	5
1625	15	-1	2	1
1626	15	1	3	1
1627	15	-1	3	1
1628	15	0	61	40
1629	15	-1	2	1
1630	15	1	1	0
1631	15	1	1	0
1632	15	1	22	12
1633	15	1	5	3
1634	15	-1	34	17
1635	15	-1	11	5
1636	15	1	10	4
1637	15	-1	6	3
1638	15	0	16	7
1639	15	1	1	0
1640	15	-1	2	1
1641	15	-1	28	16
1642	15	-1	21	11
1643	15	1	1	0
1644	15	-1	2	1
1645	15	-1	10	5
1646	15	-1	15	7
1647	15	1	1	0
1648	15	0	24	11
1649	15	0	41	19
1650	15	1	1	1
1651	15	-1	2	0
1652	15	1	1	0
1653	15	1	15	7
1654	15	-1	2	0
1655	15	0	18	11
1656	15	1	3	1
1657	15	1	1	0
1658	15	1	3	1
1659	15	1	1	0
1660	15	1	1	0
1661	15	1	1	0
1662	15	-1	15	9
1663	15	1	1	0
1664	15	-1	11	5
1665	15	1	1	0
1666	15	-1	2	1
1667	15	1	3	1
1668	15	-1	11	5
1669	15	1	1	0
1670	15	1	1	0
1671	16	1	3	2
1672	16	0	125	71
1673	16	1	1	0
1674	16	1	1	0
1675	16	1	3	2
1676	16	-1	3	1
1677	16	-1	16	9
1678	16	1	20	10
1679	16	1	25	12
1680	16	1	1	0
1681	16	-1	5	2
1682	16	1	4	2
1683	16	-1	3	1
1684	16	-1	2	0
1685	16	1	1	0
1686	16	1	17	10
1687	16	-1	3	2
1688	16	1	4	1
1689	16	-1	16	7
1690	16	1	3	2
1691	16	1	1	0
1692	16	-1	34	15
1693	16	1	1	0
1694	16	-1	2	1
1695	16	-1	2	0
1696	16	-1	13	7
1697	16	0	7	2
1698	16	-1	2	0
1699	16	-1	3	1
1700	16	1	6	3
1701	16	-1	9	6
1702	16	1	4	3
1703	16	-1	10	5
1704	16	-1	12	5
1705	16	0	18	8
1706	16	-1	12	5
1707	16	1	1	0
1708	16	0	48	28
1709	16	1	24	10
1710	16	-1	9	6
1711	16	1	30	15
1712	16	1	1	0
1713	16	1	5	3
1714	16	1	1	0
1715	16	-1	9	4
1716	16	-1	10	4
1717	16	-1	11	5
1718	16	1	11	5
1719	16	-1	12	6
1720	16	1	6	3
1721	16	1	1	1
1722	16	1	3	1
1723	16	-1	3	1
1724	16	1	5	2
1725	16	1	3	1
1726	16	-1	46	23
1727	16	1	7	4
1728	16	-1	2	0
1729	16	-1	2	1
1730	16	-1	26	14
1731	16	1	1	0
1732	16	-1	9	3
1733	16	-1	12	7
1734	16	1	1	0
1735	16	1	1	1
1736	16	-1	11	5
1737	16	1	1	0
1738	16	1	4	1
1739	16	1	1	0
1740	16	-1	2	0
1741	16	-1	12	6
1742	16	-1	14	7
1743	16	-1	2	0
1744	16	-1	2	1
1745	16	-1	6	3
1746	16	-1	9	4
1747	16	1	1	0
1748	16	1	19	10
1749	16	-1	2	1
1750	16	-1	10	3
1751	16	-1	2	1
1752	16	-1	4	2
1753	16	-1	10	5
1754	16	-1	13	7
1755	16	-1	5	3
1756	16	1	6	3
1757	16	1	1	0
1758	16	-1	2	0
1759	16	1	3	1
1760	16	1	1	0
1761	16	0	21	10
1762	16	1	23	12
1763	16	1	3	1
1764	16	1	12	7
1765	16	1	5	2
1766	16	0	2	0
1767	16	1	9	4
1768	16	1	24	13
1769	16	1	1	0
1770	16	-1	3	2
1771	16	-1	22	12
1772	16	-1	2	0
1773	16	-1	3	2
1774	16	-1	11	5
1775	16	-1	17	8
1776	16	-1	5	2
1777	16	1	93	41
1778	16	-1	11	6
1779	16	1	3	2
1780	16	1	1	0
1781	16	1	1	0
1782	16	1	1	0
1783	16	1	1	0
1784	16	1	6	3
1785	16	-1	20	11
1786	16	1	21	9
1787	16	1	29	12
1788	16	1	1	0
1789	16	0	122	54
1790	16	1	1	0
1791	16	-1	11	6
1792	16	-1	15	10
1793	16	-1	5	2
1794	16	-1	5	2
1795	16	1	1	0
1796	16	-1	2	1
1797	16	1	1	0
1798	16	0	64	32
1799	16	1	1	1
1800	16	-1	13	7
1801	16	1	1	0
1802	16	-1	19	8
1803	16	1	1	0
1804	16	1	42	20
1805	16	-1	11	6
1806	16	1	1	0
1807	16	1	23	16
1808	16	1	32	17
1809	16	1	1	0
1810	16	1	4	3
1811	16	1	1	0
1812	16	-1	9	5
1813	16	-1	12	7
1814	16	-1	13	8
1815	16	-1	16	8
1816	16	1	4	2
1817	16	-1	3	1
1818	16	0	25	10
1819	16	-1	13	6
1820	16	-1	2	1
1821	16	1	1	0
1822	16	1	1	0
1823	16	-1	11	4
1824	16	-1	3	1
1825	16	1	1	0
1826	16	-1	4	2
1827	16	-1	19	11
1828	16	1	35	22
1829	16	1	15	10
1830	16	1	1	0
1831	16	1	14	7
1832	16	-1	9	4
1833	16	0	36	18
1834	16	-1	3	1
1835	16	-1	10	4
1836	16	1	45	23
1837	16	1	1	0
1838	16	1	17	9
1839	16	1	1	1
1840	16	1	1	0
1841	16	1	28	14
1842	16	-1	4	1
1843	16	1	1	0
1844	16	1	1	0
1845	16	1	41	22
1846	16	1	1	0
1847	16	-1	9	4
1848	16	1	1	0
1849	16	1	6	3
1850	16	0	2	0
1851	16	1	8	3
1852	16	-1	37	20
1853	16	1	13	6
1854	16	1	27	19
1855	16	1	6	4
1856	16	1	1	0
1857	16	1	1	0
1858	16	1	5	1
1859	16	-1	2	0
1860	16	-1	13	6
1861	16	-1	13	7
1862	16	-1	11	5
1863	16	1	13	7
1864	16	1	1	0
1865	16	0	2	0
1866	16	1	1	0
1867	16	1	1	0
1868	16	0	11	5
1869	16	1	1	0
1870	16	-1	2	0
1871	16	1	1	1
1872	16	1	1	0
1873	16	1	1	0
1874	16	-1	3	1
1875	16	1	5	3
1876	16	-1	2	1
1877	16	-1	2	1
1878	16	0	47	28
1879	16	-1	4	1
1880	16	1	27	16
1881	16	-1	9	6
1882	16	1	1	0
1883	16	1	17	8
1884	16	1	1	0
1885	16	1	1	0
1886	16	1	36	19
1887	16	-1	39	19
1888	16	1	1	0
1889	16	0	36	17
1890	16	1	1	0
1891	16	-1	2	1
1892	16	0	123	54
1893	16	1	1	0
1894	16	1	1	0
1895	16	1	13	7
1896	16	-1	3	1
1897	16	-1	47	22
1898	16	1	58	28
1899	16	-1	2	1
1900	16	1	5	3
1901	16	1	34	18
1902	16	1	13	6
1903	16	-1	2	1
1904	16	1	1	0
1905	16	1	8	4
1906	16	1	1	0
1907	16	1	4	2
1908	16	1	1	0
1909	16	1	1	0
1910	16	1	1	0
1911	16	-1	18	12
1912	16	1	1	0
1913	16	1	1	1
1914	16	1	1	0
1915	16	1	6	3
1916	16	1	13	9
1917	16	-1	3	1
1918	16	-1	11	5
1919	16	-1	19	9
1920	16	-1	9	4
1921	16	-1	5	2
1922	16	0	20	9
1923	16	1	1	0
1924	16	1	20	11
1925	16	1	1	0
1926	16	-1	10	5
1927	16	1	3	1
1928	16	-1	5	2
1929	16	1	5	3
1930	16	-1	43	24
1931	16	-1	18	9
1932	16	-1	10	5
1933	16	1	11	5
1934	16	-1	12	5
1935	16	1	1	0
1936	16	1	1	0
1937	16	-1	3	1
1938	16	-1	2	0
1939	16	-1	2	1
1940	16	-1	2	1
1941	16	1	20	11
1942	16	1	34	14
1943	16	1	1	1
1944	16	-1	4	2
1945	16	-1	15	9
1946	16	1	26	16
1947	16	1	3	1
1948	16	1	1	0
1949	16	-1	3	1
1950	16	-1	2	1
1951	16	-1	5	2
1952	16	1	4	3
1953	16	-1	2	1
1954	16	-1	5	2
1955	16	-1	13	8
1956	16	0	17	8
1957	16	1	64	30
1958	16	-1	10	8
1959	16	1	1	1
1960	16	-1	2	0
1961	16	-1	2	1
1962	16	1	1	0
1963	16	0	52	24
1964	16	1	1	0
1965	16	1	4	2
1966	16	-1	3	2
1967	16	-1	13	6
1968	16	1	1	0
1969	16	1	1	0
1970	16	-1	16	9
1971	17	1	27	14
1972	17	-1	11	6
1973	17	1	10	6
1974	17	-1	38	20
1975	17	1	1	0
1976	17	1	66	31
1977	17	1	1	1
1978	17	-1	11	6
1979	17	1	12	5
1980	17	-1	10	5
1981	17	0	69	36
1982	17	1	6	3
1983	17	-1	25	13
1984	17	1	22	9
1985	17	1	48	25
1986	17	1	4	2
1987	17	-1	2	0
1988	17	1	1	0
1989	17	-1	27	14
1990	17	1	26	13
1991	17	1	25	14
1992	17	-1	17	9
1993	17	-1	11	6
1994	17	1	14	7
1995	17	-1	3	1
1996	17	1	3	2
1997	17	-1	2	1
1998	17	1	1	0
1999	17	1	1	0
2000	17	1	6	3
2001	17	-1	20	12
2002	17	-1	20	11
2003	17	1	1	1
2004	17	-1	9	8
2005	17	0	127	75
2006	17	-1	16	7
2007	17	-1	8	4
2008	17	-1	18	9
2009	17	1	28	14
2010	17	1	25	12
2011	17	1	20	9
2012	17	1	1	1
2013	17	1	1	0
2014	17	1	1	0
2015	17	1	84	44
2016	17	-1	4	2
2017	17	-1	14	9
2018	17	-1	3	2
2019	17	-1	3	2
2020	17	1	1	1
2021	17	-1	14	9
2022	17	1	5	6
2023	17	1	3	2
2024	17	1	1	1
2025	17	1	1	0
2026	17	-1	12	8
2027	17	-1	24	16
2028	17	-1	2	1
2029	17	1	1	0
2030	17	-1	3	1
2031	17	1	17	10
2032	17	1	1	0
2033	17	-1	5	2
2034	17	1	3	2
2035	17	0	26	13
2036	17	0	44	24
2037	17	1	3	2
2038	17	-1	3	1
2039	17	1	7	3
2040	17	-1	10	7
2041	17	-1	47	27
2042	17	1	1	0
2043	17	-1	2	1
2044	17	1	3	3
2045	17	1	1	0
2046	17	1	29	14
2047	17	-1	17	7
2048	17	1	12	6
2049	17	1	29	14
2050	17	1	1	0
2051	17	1	1	0
2052	17	-1	49	21
2053	17	-1	17	13
2054	17	1	13	9
2055	17	1	8	5
2056	17	1	5	4
2057	17	-1	76	40
2058	17	1	1	0
2059	17	0	94	50
2060	17	-1	3	1
2061	17	-1	11	6
2062	17	1	1	0
2063	17	1	1	0
2064	17	-1	10	5
2065	17	-1	4	3
2066	17	1	22	13
2067	17	-1	50	21
2068	17	1	47	31
2069	17	-1	10	6
2070	17	-1	21	12
2071	17	1	19	9
2072	17	1	6	3
2073	17	1	22	11
2074	17	1	1	0
2075	17	1	1	0
2076	17	0	50	28
2077	17	-1	13	6
2078	17	1	1	0
2079	17	-1	2	0
2080	17	-1	12	6
2081	17	-1	4	2
2082	17	1	1	0
2083	17	1	15	8
2084	17	1	3	2
2085	17	-1	27	15
2086	17	-1	17	9
2087	17	1	20	10
2088	17	1	7	4
2089	17	-1	64	40
2090	17	1	24	13
2091	17	1	20	11
2092	17	-1	5	3
2093	17	1	12	6
2094	17	1	1	0
2095	17	1	1	0
2096	17	-1	5	3
2097	17	1	5	3
2098	17	1	7	4
2099	17	-1	4	1
2100	17	-1	11	6
2101	17	1	5	3
2102	17	1	1	1
2103	17	0	312	177
2104	17	-1	58	37
2105	17	-1	21	11
2106	17	0	2	0
2107	17	1	25	14
2108	17	1	1	0
2109	17	-1	6	4
2110	17	1	1	0
2111	17	1	81	45
2112	17	-1	37	23
2113	17	1	21	11
2114	17	-1	22	14
2115	17	0	34	20
2116	17	1	5	3
2117	17	1	4	2
2118	17	1	12	9
2119	17	1	23	12
2120	17	1	33	19
2121	17	1	1	0
2122	17	1	27	11
2123	17	1	26	15
2124	17	-1	169	104
2125	17	0	40	21
2126	17	1	3	3
2127	17	-1	13	9
2128	17	1	1	0
2129	17	-1	4	2
2130	17	-1	2	1
2131	17	1	29	16
2132	17	-1	2	1
2133	17	1	5	2
2134	17	-1	2	1
2135	17	0	34	17
2136	17	1	21	11
2137	17	1	3	2
2138	17	1	19	11
2139	17	-1	69	44
2140	17	-1	19	11
2141	17	-1	31	19
2142	17	-1	4	2
2143	17	-1	25	13
2144	17	-1	3	1
2145	17	1	3	1
2146	17	-1	21	15
2147	17	1	21	13
2148	17	-1	12	8
2149	17	1	1	0
2150	17	0	56	32
2151	17	1	1	1
2152	17	-1	172	92
2153	17	1	8	5
2154	17	-1	10	7
2155	17	1	8	4
2156	17	-1	145	81
2157	17	0	114	61
2158	17	1	1	0
2159	17	1	12	9
2160	17	1	5	3
2161	17	1	1	0
2162	17	1	21	13
2163	17	1	14	9
2164	17	1	4	2
2165	17	-1	10	5
2166	17	1	55	31
2167	17	1	29	18
2168	17	-1	4	1
2169	17	-1	14	9
2170	17	-1	33	18
2171	17	-1	2	1
2172	17	1	7	3
2173	17	-1	32	19
2174	17	-1	32	19
2175	17	1	6	3
2176	17	1	3	7
2177	17	-1	37	20
2178	17	-1	4	2
2179	17	1	3	1
2180	17	1	17	11
2181	17	1	8	4
2182	17	1	1	0
2183	17	1	1	0
2184	17	-1	9	4
2185	17	-1	2	1
2186	17	1	32	20
2187	17	-1	3	12
2188	17	-1	7	14
2189	17	-1	4	5
2190	17	1	3	4
2191	17	-1	3	2
2192	17	-1	11	11
2193	17	-1	8	8
2194	17	-1	2	1
2195	17	-1	4	3
2196	17	-1	18	13
2197	17	1	4	2
2198	17	-1	2	1
2199	17	-1	2	1
2200	17	-1	13	9
2201	17	-1	129	81
2202	17	1	3	2
2203	17	-1	30	20
2204	17	1	31	22
2205	17	-1	2	1
2206	17	1	6	4
2207	17	1	3	1
2208	17	1	3	2
2209	17	-1	15	8
2210	17	1	1	0
2211	17	-1	44	29
2212	17	1	16	9
2213	17	-1	12	9
2214	17	-1	31	19
2215	17	1	24	17
2216	17	1	39	24
2217	17	-1	10	5
2218	17	-1	21	13
2219	17	1	1	0
2220	17	1	4	2
2221	17	-1	14	9
2222	17	1	6	3
2223	17	-1	13	8
2224	17	1	1	0
2225	17	1	5	4
2226	17	1	135	83
2227	17	1	4	2
2228	17	-1	2	1
2229	17	1	1	1
2230	17	-1	12	10
2231	17	0	355	188
2232	17	1	5	3
2233	17	-1	39	25
2234	17	1	46	24
2235	17	-1	2	1
2236	17	1	5	3
2237	17	-1	24	14
2238	17	-1	56	26
2239	17	1	25	14
2240	17	-1	5	2
2241	17	1	32	17
2242	17	-1	38	20
2243	17	1	1	0
2244	17	-1	10	4
2245	17	-1	35	25
2246	17	1	129	71
2247	17	1	4	3
2248	17	1	1	1
2249	17	-1	3	1
2250	17	1	1	1
2251	17	-1	2	1
2252	17	1	3	1
2253	17	1	19	8
2254	17	1	15	7
2255	17	1	30	17
2256	17	1	15	7
2257	17	1	277	119
2258	17	-1	4	3
2259	17	0	169	87
2260	17	-1	2	1
2261	17	-1	32	18
2262	17	-1	12	6
2263	17	1	4	2
2264	17	-1	79	37
2265	17	1	9	6
2266	17	-1	4	2
2267	17	1	29	15
2268	17	-1	2	1
2269	17	1	6	3
2270	17	0	42	19
2271	18	1	9	6
2272	18	1	9	5
2273	18	1	1	0
2274	18	-1	45	24
2275	18	-1	22	12
2276	18	-1	117	67
2277	18	-1	3	1
2278	18	-1	7	4
2279	18	1	282	135
2280	18	1	15	7
2281	18	1	22	11
2282	18	1	9	6
2283	18	-1	10	5
2284	18	-1	24	11
2285	18	-1	91	49
2286	18	1	7	4
2287	18	-1	20	11
2288	18	1	22	10
2289	18	1	355	185
2290	18	-1	23	13
2291	18	1	10	7
2292	18	-1	7	4
2293	18	-1	2	1
2294	18	-1	3	1
2295	18	1	6	5
2296	18	1	4	4
2297	18	-1	45	24
2298	18	1	3	1
2299	18	-1	12	9
2300	18	1	8	4
2301	18	1	56	28
2302	18	1	3	3
2303	18	-1	35	19
2304	18	-1	5	2
2305	18	1	7	4
2306	18	-1	2	1
2307	18	1	53	25
2308	18	1	3	3
2309	18	1	38	24
2310	18	-1	185	91
2311	18	1	11	6
2312	18	-1	93	48
2313	18	1	1	1
2314	18	-1	2	1
2315	18	-1	27	17
2316	18	1	18	10
2317	18	-1	125	70
2318	18	1	5	3
2319	18	-1	2	0
2320	18	1	1	1
2321	18	-1	23	14
2322	18	1	1	0
2323	18	-1	211	116
2324	18	-1	11	9
2325	18	1	6	4
2326	18	-1	76	49
2327	18	1	7	3
2328	18	1	1	0
2329	18	-1	111	53
2330	18	1	1	0
2331	18	-1	7	4
2332	18	1	1	0
2333	18	-1	23	12
2334	18	-1	16	8
2335	18	1	1	0
2336	18	-1	44	19
2337	18	0	166	87
2338	18	0	15	11
2339	18	1	8	4
2340	18	1	7	4
2341	18	-1	24	16
2342	18	1	7	4
2343	18	1	60	27
2344	18	-1	46	25
2345	18	-1	59	46
2346	18	-1	152	86
2347	18	-1	24	13
2348	18	-1	4	2
2349	18	-1	50	28
2350	18	-1	22	12
2351	18	-1	8	5
2352	18	-1	50	24
2353	18	1	135	70
2354	18	-1	3	1
2355	18	1	1	0
2356	18	-1	112	64
2357	18	-1	12	8
2358	18	-1	3	1
2359	18	1	38	23
2360	18	-1	59	38
2361	18	1	1	0
2362	18	1	31	16
2363	18	-1	2	1
2364	18	-1	6	4
2365	18	-1	2	1
2366	18	-1	40	24
2367	18	1	1	0
2368	18	-1	146	83
2369	18	1	92	59
2370	18	-1	12	8
2371	18	-1	2	1
2372	18	-1	14	9
2373	18	1	36	22
2374	18	-1	116	69
2375	18	-1	44	29
2376	18	-1	3	1
2377	18	-1	29	16
2378	18	-1	68	40
2379	18	1	1	1
2380	18	-1	156	84
2381	18	1	54	28
2382	18	1	23	12
2383	18	1	7	4
2384	18	-1	431	239
2385	18	1	3	1
2386	18	-1	3	1
2387	18	1	1	0
2388	18	1	175	80
2389	18	-1	22	9
2390	18	1	8	4
2391	18	1	1	0
2392	18	-1	10	4
2393	18	1	22	11
2394	18	-1	5	3
2395	18	1	7	4
2396	18	-1	5	3
2397	18	1	1	0
2398	18	1	15	8
2399	18	-1	31	19
2400	18	-1	3	1
2401	18	1	1	1
2402	18	1	27	14
2403	18	-1	30	17
2404	18	1	1	0
2405	18	1	42	25
2406	18	-1	2	1
2407	18	1	5	5
2408	18	-1	3	1
2409	18	-1	26	13
2410	18	-1	4	1
2411	18	1	36	23
2412	18	-1	4	2
2413	18	1	1	0
2414	18	1	36	20
2415	18	-1	10	4
2416	18	1	1	0
2417	18	-1	6	4
2418	18	1	3	2
2419	18	-1	3	1
2420	18	1	1	1
2421	18	-1	4	1
2422	18	-1	36	21
2423	18	1	3	3
2424	18	1	17	9
2425	18	-1	3	1
2426	18	1	3	1
2427	18	-1	16	12
2428	18	1	37	21
2429	18	-1	3	2
2430	18	0	48	23
2431	18	-1	48	26
2432	18	-1	26	13
2433	18	-1	101	53
2434	18	1	38	17
2435	18	-1	4	2
2436	18	1	7	4
2437	18	1	53	22
2438	18	-1	3	1
2439	18	-1	144	84
2440	18	1	19	10
2441	18	-1	236	120
2442	18	0	423	215
2443	18	1	151	80
2444	18	1	31	18
2445	18	-1	16	7
2446	18	0	11	8
2447	18	-1	61	35
2448	18	1	1	0
2449	18	1	36	21
2450	18	1	6	5
2451	18	1	5	2
2452	18	0	247	144
2453	18	-1	39	23
2454	18	-1	30	15
2455	18	-1	98	48
2456	18	1	11	8
2457	18	1	33	20
2458	18	-1	24	15
2459	18	0	25	13
2460	18	-1	10	4
2461	18	1	7	4
2462	18	1	1	0
2463	18	1	11	6
2464	18	1	1	0
2465	18	1	10	7
2466	18	-1	23	15
2467	18	1	13	6
2468	18	0	822	414
2469	18	-1	79	39
2470	18	-1	14	8
2471	18	1	5	2
2472	18	1	1	1
2473	18	-1	13	8
2474	18	1	15	8
2475	18	1	3	2
2476	18	1	1	0
2477	18	1	18	10
2478	18	1	22	13
2479	18	0	82	46
2480	18	-1	4	2
2481	18	1	32	17
2482	18	1	100	49
2483	18	1	3	4
2484	18	0	55	31
2485	18	1	3	1
2486	18	1	8	5
2487	18	1	5	5
2488	18	1	7	4
2489	18	-1	3	1
2490	18	1	4	1
2491	18	1	1	0
2492	18	-1	11	7
2493	18	-1	90	45
2494	18	-1	8	6
2495	18	-1	64	28
2496	18	-1	17	9
2497	18	1	1	0
2498	18	1	13	7
2499	18	1	4	3
2500	18	-1	13	8
2501	18	-1	11	5
2502	18	1	1	0
2503	18	1	14	9
2504	18	1	1	0
2505	18	-1	3	2
2506	18	1	6	3
2507	18	1	13	4
2508	18	-1	28	17
2509	18	1	26	15
2510	18	1	26	14
2511	18	-1	3	1
2512	18	-1	71	38
2513	18	1	21	15
2514	18	1	1	0
2515	18	-1	126	68
2516	18	-1	20	12
2517	18	-1	17	11
2518	18	-1	10	5
2519	18	-1	43	26
2520	18	1	9	5
2521	18	1	1	0
2522	18	1	47	27
2523	18	-1	101	53
2524	18	-1	29	23
2525	18	-1	147	89
2526	18	1	1	1
2527	18	-1	30	16
2528	18	1	7	3
2529	18	-1	171	86
2530	18	0	90	39
2531	18	-1	17	11
2532	18	-1	18	12
2533	18	-1	8	5
2534	18	1	1	1
2535	18	0	299	159
2536	18	-1	4	1
2537	18	1	19	10
2538	18	1	13	7
2539	18	1	38	20
2540	18	-1	88	51
2541	18	1	5	3
2542	18	-1	120	61
2543	18	-1	74	38
2544	18	1	21	12
2545	18	1	459	234
2546	18	-1	13	8
2547	18	1	1	1
2548	18	1	67	39
2549	18	-1	17	9
2550	18	0	152	86
2551	18	-1	26	25
2552	18	1	4	1
2553	18	-1	149	80
2554	18	1	252	118
2555	18	-1	18	14
2556	18	-1	64	35
2557	18	1	9	4
2558	18	1	51	23
2559	18	1	21	10
2560	18	-1	120	60
2561	18	-1	5	2
2562	18	-1	109	62
2563	18	1	39	23
2564	18	-1	192	101
2565	18	1	44	25
2566	18	1	5	4
2567	18	1	1	0
2568	18	-1	50	26
2569	18	1	1	0
2570	18	1	1	0
2571	19	1	70	30
2572	19	1	30	15
2573	19	1	23	15
2574	19	-1	5	3
2575	19	-1	30	21
2576	19	-1	19	10
2577	19	1	9	6
2578	19	1	118	66
2579	19	-1	100	68
2580	19	-1	199	98
2581	19	1	39	17
2582	19	1	27	24
2583	19	-1	10	4
2584	19	1	5	2
2585	19	1	63	34
2586	19	1	28	14
2587	19	-1	120	73
2588	19	1	28	16
2589	19	-1	32	21
2590	19	1	9	6
2591	19	1	3	2
2592	19	1	87	52
2593	19	1	78	36
2594	19	1	7	4
2595	19	1	30	17
2596	19	-1	25	19
2597	19	0	1802	932
2598	19	-1	3	1
2599	19	1	8	5
2600	19	1	165	76
2601	19	1	113	59
2602	19	1	49	32
2603	19	0	19	8
2604	19	-1	24	13
2605	19	1	3	1
2606	19	-1	3	1
2607	19	-1	361	218
2608	19	1	45	24
2609	19	1	1	0
2610	19	0	216	120
2611	19	1	86	50
2612	19	0	17	8
2613	19	1	17	9
2614	19	-1	15	10
2615	19	1	18	12
2616	19	1	1	0
2617	19	1	19	10
2618	19	1	242	135
2619	19	1	3	3
2620	19	-1	74	51
2621	19	1	1	0
2622	19	-1	31	19
2623	19	1	409	193
2624	19	1	9	5
2625	19	1	69	36
2626	19	1	12	8
2627	19	1	7	6
2628	19	1	65	44
2629	19	1	217	127
2630	19	1	7	3
2631	19	1	7	4
2632	19	-1	512	293
2633	19	-1	14	7
2634	19	1	55	39
2635	19	-1	101	58
2636	19	-1	31	21
2637	19	-1	20	12
2638	19	-1	45	36
2639	19	-1	1359	663
2640	19	-1	284	127
2641	19	1	153	77
2642	19	1	153	83
2643	19	1	7	4
2644	19	-1	6	3
2645	19	1	20	12
2646	19	1	1	1
2647	19	0	77	40
2648	19	-1	3	2
2649	19	1	1	1
2650	19	-1	8	5
2651	19	-1	20	11
2652	19	1	1	0
2653	19	1	341	249
2654	19	1	1	1
2655	19	1	1	0
2656	19	1	3	2
2657	19	-1	2	0
2658	19	1	1	0
2659	19	1	7	5
2660	19	-1	3	2
2661	19	1	1	0
2662	19	1	184	107
2663	19	-1	3	1
2664	19	-1	53	38
2665	19	-1	56	32
2666	19	-1	36	25
2667	19	1	96	62
2668	19	1	75	43
2669	19	-1	11	7
2670	19	-1	197	104
2671	19	1	32	19
2672	19	-1	227	135
2673	19	-1	42	27
2674	19	1	47	27
2675	19	-1	28	16
2676	19	1	1	0
2677	19	-1	2	1
2678	19	1	1	1
2679	19	-1	10	6
2680	19	1	20	13
2681	19	1	27	15
2682	19	-1	8	5
2683	19	1	74	41
2684	19	1	1	1
2685	19	1	5	3
2686	19	-1	110	76
2687	19	1	1	0
2688	19	1	157	94
2689	19	-1	91	46
2690	19	-1	49	30
2691	19	1	1	1
2692	19	-1	26	15
2693	19	1	67	37
2694	19	-1	11	7
2695	19	-1	195	105
2696	19	1	21	12
2697	19	-1	5	4
2698	19	1	38	21
2699	19	-1	13	13
2700	19	1	14	10
2701	19	1	1	0
2702	19	-1	2	1
2703	19	-1	14	7
2704	19	1	1	1
2705	19	-1	16	7
2706	19	-1	57	33
2707	19	1	5	3
2708	19	1	9	5
2709	19	1	12	7
2710	19	1	8	4
2711	19	-1	2	1
2712	19	1	26	15
2713	19	1	1	1
2714	19	1	117	81
2715	19	1	95	53
2716	19	-1	12	7
2717	19	1	1	0
2718	19	-1	11	6
2719	19	1	76	42
2720	19	0	466	246
2721	19	1	24	17
2722	19	-1	5	2
2723	19	1	897	486
2724	19	1	8	6
2725	19	-1	58	40
2726	19	1	15	14
2727	19	0	552	273
2728	19	1	9	6
2729	19	-1	3	2
2730	19	-1	28	23
2731	19	-1	101	71
2732	19	-1	29	18
2733	19	1	17	9
2734	19	1	5	3
2735	19	1	3	2
2736	19	-1	31	15
2737	19	-1	97	49
2738	19	-1	12	11
2739	19	-1	131	80
2740	19	-1	16	14
2741	19	0	724	370
2742	19	1	1	1
2743	19	1	1	0
2744	19	1	1	1
2745	19	-1	19	9
2746	19	0	151	95
2747	19	-1	73	43
2748	19	-1	194	114
2749	19	1	12	9
2750	19	-1	19	11
2751	19	-1	141	72
2752	19	1	163	96
2753	19	1	3	3
2754	19	1	24	13
2755	19	1	1	1
2756	19	-1	32	22
2757	19	0	115	53
2758	19	-1	16	11
2759	19	0	107	57
2760	19	-1	127	75
2761	19	-1	38	34
2762	19	-1	3	1
2763	19	1	16	9
2764	19	1	12	7
2765	19	-1	172	104
2766	19	1	119	65
2767	19	-1	68	46
2768	19	-1	132	81
2769	19	-1	10	7
2770	19	-1	6	3
2771	19	-1	18	10
2772	19	1	367	180
2773	19	1	17	18
2774	19	1	18	11
2775	19	1	18	10
2776	19	0	80	52
2777	19	-1	177	93
2778	19	1	262	153
2779	19	1	14	7
2780	19	1	1	1
2781	19	-1	3	2
2782	19	1	19	14
2783	19	-1	158	102
2784	19	-1	264	166
2785	19	-1	3	3
2786	19	1	68	33
2787	19	-1	23	13
2788	19	1	3	2
2789	19	1	1	1
2790	19	-1	110	62
2791	19	-1	4	3
2792	19	1	21	10
2793	19	-1	170	95
2794	19	1	226	122
2795	19	1	50	39
2796	19	-1	106	64
2797	19	1	4	3
2798	19	1	1	0
2799	19	1	3	2
2800	19	1	178	100
2801	19	1	28	17
2802	19	-1	3	1
2803	19	-1	15	7
2804	19	1	1	1
2805	19	-1	4	2
2806	19	1	59	33
2807	19	-1	34	22
2808	19	1	20	14
2809	19	-1	12	9
2810	19	-1	3	1
2811	19	1	302	154
2812	19	1	23	12
2813	19	-1	9	4
2814	19	-1	20	11
2815	19	-1	16	8
2816	19	-1	4	2
2817	19	-1	188	94
2818	19	1	26	16
2819	19	-1	1156	556
2820	19	-1	14	5
2821	19	-1	152	90
2822	19	1	6	4
2823	19	1	17	10
2824	19	-1	86	46
2825	19	-1	98	61
2826	19	1	3	1
2827	19	-1	23	11
2828	19	1	1	1
2829	19	1	60	34
2830	19	1	16	9
2831	19	-1	2	1
2832	19	1	31	16
2833	19	-1	19	9
2834	19	1	33	15
2835	19	-1	71	41
2836	19	-1	244	151
2837	19	1	16	13
2838	19	1	1	1
2839	19	1	7	3
2840	19	1	387	189
2841	19	1	1008	509
2842	19	0	105	50
2843	19	1	1	1
2844	19	-1	12	5
2845	19	1	25	16
2846	19	-1	121	84
2847	19	1	1	1
2848	19	1	27	14
2849	19	1	19	22
2850	19	-1	39	25
2851	19	-1	13	6
2852	19	-1	15	7
2853	19	1	1	0
2854	19	-1	4	2
2855	19	1	106	73
2856	19	1	21	18
2857	19	1	17	13
2858	19	-1	93	54
2859	19	1	19	13
2860	19	-1	28	20
2861	19	1	1	0
2862	19	1	14	7
2863	19	-1	13	8
2864	19	1	23	16
2865	19	-1	18	13
2866	19	-1	3	2
2867	19	0	76	42
2868	19	-1	3	2
2869	19	1	10	6
2870	19	-1	6	3
2871	20	0	638	316
2872	20	0	6	6
2873	20	-1	23	12
2874	20	1	14	12
2875	20	-1	52	33
2876	20	-1	23	14
2877	20	-1	52	34
2878	20	-1	606	364
2879	20	1	866	508
2880	20	-1	37	23
2881	20	1	3843	2167
2882	20	-1	65	63
2883	20	-1	82	49
2884	20	-1	386	228
2885	20	-1	83	49
2886	20	1	258	149
2887	20	-1	39	19
2888	20	-1	55	31
2889	20	1	10	6
2890	20	-1	1453	738
2891	20	-1	40	30
2892	20	1	11	8
2893	20	1	1159	662
2894	20	1	32	20
2895	20	1	5	4
2896	20	1	1	0
2897	20	-1	1424	782
2898	20	-1	89	56
2899	20	-1	313	201
2900	20	-1	423	241
2901	20	1	88	55
2902	20	-1	135	80
2903	20	-1	1535	770
2904	20	1	4	4
2905	20	1	6	5
2906	20	1	3	1
2907	20	-1	208	126
2908	20	-1	3	1
2909	20	-1	49	29
2910	20	-1	1245	663
2911	20	1	1	1
2912	20	-1	176	87
2913	20	1	1	1
2914	20	1	506	276
2915	20	-1	7	20
2916	20	1	3	2
2917	20	-1	50	48
2918	20	1	55	37
2919	20	1	194	127
2920	20	1	7	4
2921	20	-1	1354	714
2922	20	-1	53	38
2923	20	1	451	253
2924	20	1	3	1
2925	20	1	13	9
2926	20	1	1	0
2927	20	1	47	26
2928	20	1	265	135
2929	20	-1	2	1
2930	20	-1	1526	822
2931	20	1	1	0
2932	20	1	1	0
2933	20	-1	19	14
2934	20	1	1	1
2935	20	-1	288	183
2936	20	-1	42	29
2937	20	1	7	6
2938	20	1	97	53
2939	20	1	8	5
2940	20	1	17	10
2941	20	1	3	2
2942	20	0	275	148
2943	20	-1	157	91
2944	20	-1	68	41
2945	20	1	48	32
2946	20	1	16	9
2947	20	1	1	0
2948	20	-1	89	62
2949	20	-1	2	1
2950	20	1	189	119
2951	20	-1	21	20
2952	20	1	21	15
2953	20	1	5	3
2954	20	1	30	18
2955	20	1	104	60
2956	20	1	23	17
2957	20	-1	33	23
2958	20	1	7	5
2959	20	1	1	1
2960	20	1	1	0
2961	20	1	19	15
2962	20	-1	3	1
2963	20	-1	3	1
2964	20	-1	4	2
2965	20	1	36	20
2966	20	-1	6	4
2967	20	1	31	17
2968	20	-1	260	178
2969	20	-1	978	582
2970	20	1	14	9
2971	20	1	802	417
2972	20	-1	11	7
2973	20	1	271	160
2974	20	-1	44	24
2975	20	1	210	108
2976	20	1	1	0
2977	20	1	31	15
2978	20	1	97	45
2979	20	1	19	10
2980	20	-1	12	11
2981	20	1	26	18
2982	20	-1	400	240
2983	20	-1	1214	616
2984	20	1	3	3
2985	20	1	1	0
2986	20	1	4	3
2987	20	-1	26	17
2988	20	-1	1294	623
2989	20	1	1	1
2990	20	-1	141	97
2991	20	1	6	3
2992	20	1	22	14
2993	20	1	1	1
2994	20	-1	86	47
2995	20	1	1	1
2996	20	1	7	6
2997	20	1	109	64
2998	20	1	14824	6771
2999	20	1	10	6
3000	20	1	1	0
3001	20	1	73	47
3002	20	-1	82	55
3003	20	1	11	8
3004	20	1	9	7
3005	20	-1	3	1
3006	20	-1	222	145
3007	20	1	349	202
3008	20	1	10	7
3009	20	-1	3	1
3010	20	1	221	139
3011	20	-1	33	25
3012	20	-1	3	1
3013	20	1	10	6
3014	20	1	53	27
3015	20	1	5	3
3016	20	-1	81	47
3017	20	0	5138	2584
3018	20	1	109	52
3019	20	-1	36	22
3020	20	1	36	21
3021	20	-1	4	2
3022	20	1	43	30
3023	20	-1	63	41
3024	20	-1	67	34
3025	20	1	15	10
3026	20	-1	21	10
3027	20	1	14	11
3028	20	-1	545	300
3029	20	-1	297	169
3030	20	1	118	62
3031	20	1	8	5
3032	20	-1	202	115
3033	20	-1	482	257
3034	20	-1	125	81
3035	20	-1	33	23
3036	20	-1	308	196
3037	20	-1	92	60
3038	20	1	21	13
3039	20	-1	41	26
3040	20	1	10	5
3041	20	1	35	27
3042	20	1	1229	701
3043	20	1	1	1
3044	20	-1	80	65
3045	20	0	435	216
3046	20	0	2768	1384
3047	20	-1	6	5
3048	20	-1	76	46
3049	20	0	854	444
3050	20	-1	28	18
3051	20	-1	113	79
3052	20	-1	297	191
3053	20	1	196	112
3054	20	-1	13	9
3055	20	1	425	251
3056	20	1	55	31
3057	20	-1	6	3
3058	20	1	41	25
3059	20	1	44	30
3060	20	-1	29	16
3061	20	1	40	26
3062	20	1	1	0
3063	20	-1	13	7
3064	20	-1	234	133
3065	20	-1	1529	860
3066	20	1	1	0
3067	20	-1	10	7
3068	20	1	4	3
3069	20	1	6	4
3070	20	1	55	31
3071	20	1	5	4
3072	20	-1	37	23
3073	20	1	1	0
3074	20	1	1	0
3075	20	-1	5	3
3076	20	-1	25	21
3077	20	1	684	359
3078	20	1	244	130
3079	20	-1	63	43
3080	20	-1	131	73
3081	20	1	20	11
3082	20	-1	3	1
3083	20	-1	17	12
3084	20	-1	1079	548
3085	20	-1	11	4
3086	20	1	32	27
3087	20	1	7	5
3088	20	-1	236	115
3089	20	1	42	23
3090	20	-1	78	47
3091	20	1	14	9
3092	20	-1	103	50
3093	20	-1	100	48
3094	20	-1	10	4
3095	20	-1	252	147
3096	20	1	19	11
3097	20	-1	31	16
3098	20	-1	190	118
3099	20	-1	305	163
3100	20	1	3	2
3101	20	1	1	1
3102	20	0	227	112
3103	20	-1	683	395
3104	20	1	9	7
3105	20	-1	58	31
3106	20	-1	22	18
3107	20	-1	1080	631
3108	20	1	81	48
3109	20	-1	57	44
3110	20	1	49	30
3111	20	1	27	17
3112	20	1	30	19
3113	20	-1	2	1
3114	20	-1	61	51
3115	20	0	2089	1123
3116	20	1	15	8
3117	20	-1	683	360
3118	20	1	4	3
3119	20	-1	476	237
3120	20	0	1546	822
3121	20	1	1	0
3122	20	1	3	1
3123	20	1	216	113
3124	20	-1	139	82
3125	20	1	14	11
3126	20	-1	24	19
3127	20	1	1	0
3128	20	-1	3155	1467
3129	20	1	103	65
3130	20	1	24	14
3131	20	-1	3	2
3132	20	-1	371	196
3133	20	-1	317	191
3134	20	1	18	14
3135	20	1	85	51
3136	20	-1	120	63
3137	20	-1	120	80
3138	20	1	4	3
3139	20	1	467	250
3140	20	1	13	8
3141	20	-1	12	8
3142	20	1	32	20
3143	20	-1	6	3
3144	20	1	180	93
3145	20	1	3	1
3146	20	-1	21	19
3147	20	1	4	3
3148	20	1	37	24
3149	20	-1	96	84
3150	20	1	30	16
3151	20	-1	22	13
3152	20	-1	4	2
3153	20	-1	23	15
3154	20	1	118	71
3155	20	1	5	4
3156	20	-1	54	31
3157	20	-1	145	73
3158	20	-1	71	47
3159	20	-1	11	5
3160	20	-1	3	1
3161	20	1	197	111
3162	20	1	36	25
3163	20	1	108	74
3164	20	-1	346	208
3165	20	1	94	41
3166	20	-1	48	32
3167	20	-1	70	64
3168	20	-1	101	71
3169	20	1	41	27
3170	20	-1	64	36
3171	21	1	299	154
3172	21	-1	21	12
3173	21	-1	21	13
3174	21	-1	3	2
3175	21	-1	70	55
3176	21	-1	284	161
3177	21	1	168	92
3178	21	1	64	45
3179	21	-1	38	29
3180	21	-1	3139	1553
3181	21	-1	798	432
3182	21	1	1148	600
3183	21	1	44	30
3184	21	1	179	117
3185	21	-1	68	49
3186	21	-1	236	138
3187	21	1	1	1
3188	21	1	13	8
3189	21	-1	522	295
3190	21	-1	185	113
3191	21	1	14	11
3192	21	1	7	4
3193	21	-1	3869	2222
3194	21	1	850	525
3195	21	1	190	110
3196	21	-1	305	170
3197	21	1	13	11
3198	21	1	265	142
3199	21	1	1	0
3200	21	1	43	25
3201	21	1	27	16
3202	21	1	14	11
3203	21	1	59	40
3204	21	1	57	34
3205	21	1	11	8
3206	21	1	7	5
3207	21	1	1559	713
3208	21	1	12	9
3209	21	-1	537	308
3210	21	1	1	1
3211	21	1	214	118
3212	21	1	55	32
3213	21	1	59	44
3214	21	1	1	1
3215	21	1	159	76
3216	21	-1	684	462
3217	21	-1	53	32
3218	21	0	415	238
3219	21	-1	721	419
3220	21	0	38	18
3221	21	-1	42	30
3222	21	1	32	24
3223	21	1	2846	1708
3224	21	1	6	4
3225	21	-1	1210	730
3226	21	1	2395	1311
3227	21	-1	15	11
3228	21	-1	89	48
3229	21	-1	276	153
3230	21	1	3	1
3231	21	-1	87	56
3232	21	-1	432	246
3233	21	-1	91	56
3234	21	1	758	484
3235	21	1	8	5
3236	21	0	132	84
3237	21	1	54	40
3238	21	1	1329	697
3239	21	1	6	6
3240	21	-1	182	117
3241	21	1	122	73
3242	21	1	166	102
3243	21	1	1	0
3244	21	-1	45	30
3245	21	-1	86	66
3246	21	1	14	8
3247	21	1	1	1
3248	21	1	54	30
3249	21	1	125	72
3250	21	1	249	145
3251	21	-1	27	20
3252	21	1	1	1
3253	21	0	108	57
3254	21	1	16	9
3255	21	-1	379	265
3256	21	1	87	56
3257	21	1	46	28
3258	21	-1	817	493
3259	21	-1	457	245
3260	21	1	1	0
3261	21	1	6	4
3262	21	1	105	67
3263	21	1	1044	470
3264	21	-1	3534	1867
3265	21	1	173	97
3266	21	-1	461	264
3267	21	1	5	3
3268	21	1	209	124
3269	21	1	3	3
3270	21	-1	494	276
3271	21	-1	49	40
3272	21	1	286	149
3273	21	1	6108	3187
3274	21	-1	647	353
3275	21	1	8	5
3276	21	1	15	15
3277	21	1	29	28
3278	21	-1	16	11
3279	21	-1	48	38
3280	21	1	124	81
3281	21	1	121	63
3282	21	-1	477	273
3283	21	1	15	9
3284	21	-1	142	81
3285	21	1	1	0
3286	21	0	63	52
3287	21	1	1	1
3288	21	-1	6	4
3289	21	1	15	8
3290	21	1	25	18
3291	21	-1	3	1
3292	21	0	344	220
3293	21	-1	2	1
3294	21	-1	3	1
3295	21	-1	160	117
3296	21	1	3	3
3297	21	1	7	6
3298	21	1	19	17
3299	21	-1	45	33
3300	21	1	1	0
3301	21	-1	9	5
3302	21	-1	80	58
3303	21	-1	1286	690
3304	21	1	31	20
3305	21	1	1117	555
3306	21	-1	47	33
3307	21	-1	141	104
3308	21	1	26	14
3309	21	-1	40	29
3310	21	-1	10	10
3311	21	-1	958	514
3312	21	-1	44	29
3313	21	-1	145	94
3314	21	-1	106	64
3315	21	-1	6	3
3316	21	1	6	5
3317	21	-1	700	421
3318	21	1	1874	1056
3319	21	1	993	553
3320	21	0	4911	2612
3321	21	1	1030	597
3322	21	1	21	22
3323	21	-1	200	136
3324	21	-1	51	37
3325	21	-1	54	79
3326	21	-1	99	68
3327	21	1	16	15
3328	21	1	43	36
3329	21	1	735	397
3330	21	-1	430	267
3331	21	1	133	70
3332	21	-1	40	28
3333	21	1	341	203
3334	21	-1	569	293
3335	21	-1	1447	807
3336	21	1	17	9
3337	21	-1	3	1
3338	21	-1	231	134
3339	21	-1	725	378
3340	21	-1	87	48
3341	21	-1	36	20
3342	21	1	1044	486
3343	21	1	12	9
3344	21	0	2852	1386
3345	21	1	20	14
3346	21	1	309	177
3347	21	1	25	16
3348	21	1	10	9
3349	21	-1	51	39
3350	21	-1	67	51
3351	21	1	71	42
3352	21	1	45	25
3353	21	-1	2222	1082
3354	21	1	4	2
3355	21	1	159	97
3356	21	1	68	42
3357	21	-1	1220	629
3358	21	-1	6077	3349
3359	21	1	33	19
3360	21	1	55	41
3361	21	1	8	5
3362	21	-1	96	64
3363	21	1	1	0
3364	21	-1	41	37
3365	21	1	14	11
3366	21	1	179	103
3367	21	1	3	3
3368	21	1	81	51
3369	21	1	142	81
3370	21	1	33	20
3371	21	1	8	5
3372	21	1	47	29
3373	21	-1	51	35
3374	21	1	387	237
3375	21	1	7	7
3376	21	1	1	1
3377	21	1	45	28
3378	21	-1	236	131
3379	21	1	40	25
3380	21	-1	785	498
3381	21	1	186	104
3382	21	1	1	2
3383	21	-1	171	128
3384	21	1	1658	970
3385	21	1	106	63
3386	21	-1	41	27
3387	21	-1	250	162
3388	21	1	5	4
3389	21	1	42	27
3390	21	1	20	16
3391	21	1	739	420
3392	21	-1	9	5
3393	21	1	492	248
3394	21	1	14	11
3395	21	-1	65	41
3396	21	-1	128	78
3397	21	-1	5	3
3398	21	-1	12	14
3399	21	-1	119	69
3400	21	-1	58	40
3401	21	1	8	5
3402	21	1	40	26
3403	21	1	482	264
3404	21	-1	72	55
3405	21	1	147	110
3406	21	-1	83	42
3407	21	1	364	202
3408	21	-1	5	3
3409	21	1	22	17
3410	21	1	1	1
3411	21	1	1	0
3412	21	1	1012	494
3413	21	-1	22	11
3414	21	-1	387	254
3415	21	-1	325	240
3416	21	1	103	61
3417	21	1	94	69
3418	21	0	474	275
3419	21	-1	342	205
3420	21	1	278	145
3421	21	1	193	123
3422	21	1	34	21
3423	21	1	134	91
3424	21	-1	1292	565
3425	21	1	384	236
3426	21	-1	98	51
3427	21	-1	530	309
3428	21	-1	225	145
3429	21	1	14	8
3430	21	1	6	3
3431	21	-1	523	304
3432	21	-1	6780	3429
3433	21	-1	407	241
3434	21	1	30	20
3435	21	1	1	0
3436	21	-1	295	165
3437	21	-1	2298	1129
3438	21	-1	6138	3459
3439	21	1	231	119
3440	21	-1	75	47
3441	21	-1	224	117
3442	21	1	24	14
3443	21	1	3	4
3444	21	-1	934	531
3445	21	1	1241	649
3446	21	0	503	261
3447	21	-1	10	12
3448	21	1	5	3
3449	21	-1	11	6
3450	21	1	1	0
3451	21	1	125	82
3452	21	-1	2	1
3453	21	-1	140	91
3454	21	-1	29	13
3455	21	1	7	6
3456	21	-1	3276	1804
3457	21	-1	46	28
3458	21	1	225	114
3459	21	1	142	86
3460	21	1	7	5
3461	21	1	5	3
3462	21	1	98	64
3463	21	1	419	249
3464	21	-1	47	36
3465	21	-1	381	261
3466	21	1	7	6
3467	21	-1	1448	862
3468	21	-1	156	115
3469	21	-1	33	28
3470	21	-1	91	56
3471	22	1	382	217
3472	22	1	240	155
3473	22	-1	162	97
3474	22	-1	250	175
3475	22	1	1483	750
3476	22	1	670	418
3477	22	1	214	130
3478	22	1	1958	1238
3479	22	-1	114	79
3480	22	-1	602	401
3481	22	1	3	3
3482	22	1	1667	924
3483	22	-1	27032	13173
3484	22	1	1	0
3485	22	-1	9	6
3486	22	1	27	12
3487	22	-1	76	69
3488	22	-1	810	470
3489	22	-1	2529	1168
3490	22	1	32	23
3491	22	-1	5	4
3492	22	1	75	46
3493	22	-1	545	292
3494	22	-1	1860	952
3495	22	1	1848	1049
3496	22	1	22	15
3497	22	-1	13	7
3498	22	-1	26	20
3499	22	-1	36	26
3500	22	-1	72	42
3501	22	-1	18	15
3502	22	-1	838	569
3503	22	-1	230	124
3504	22	1	84	57
3505	22	1	1946	1034
3506	22	-1	1062	588
3507	22	-1	1604	923
3508	22	1	6	6
3509	22	1	5	4
3510	22	1	35	25
3511	22	1	13	8
3512	22	1	2421	1413
3513	22	-1	121	72
3514	22	-1	167	106
3515	22	1	363	257
3516	22	1	61	38
3517	22	-1	104	73
3518	22	1	962	572
3519	22	-1	223	111
3520	22	-1	126	101
3521	22	-1	146	118
3522	22	-1	3269	1901
3523	22	1	1197	634
3524	22	-1	257	196
3525	22	1	13	10
3526	22	-1	730	421
3527	22	-1	113	86
3528	22	-1	3	1
3529	22	-1	468	249
3530	22	-1	39754	20518
3531	22	-1	72	62
3532	22	0	28875	14814
3533	22	1	47	33
3534	22	1	14	19
3535	22	1	46	29
3536	22	-1	18360	8672
3537	22	1	297	170
3538	22	-1	1110	715
3539	22	1	1552	826
3540	22	1	2971	1531
3541	22	1	12	10
3542	22	1	6	4
3543	22	-1	86	63
3544	22	1	52	47
3545	22	-1	276	185
3546	22	1	1204	685
3547	22	-1	1201	730
3548	22	1	117	74
3549	22	1	8	7
3550	22	1	155	91
3551	22	-1	103	66
3552	22	-1	107248	51592
3553	22	0	4929	2417
3554	22	-1	299	221
3555	22	-1	1233	662
3556	22	-1	174	137
3557	22	-1	221	122
3558	22	-1	18	9
3559	22	1	1022	534
3560	22	1	108	71
3561	22	1	14	12
3562	22	1	9	7
3563	22	1	1366	761
3564	22	1	156	90
3565	22	-1	153	101
3566	22	-1	194	128
3567	22	1	72	59
3568	22	-1	4	2
3569	22	1	2265	1117
3570	22	1	528	279
3571	22	-1	2006	1123
3572	22	-1	547	338
3573	22	-1	90	65
3574	22	1	81	51
3575	22	1	1	1
3576	22	1	233	121
3577	22	1	6521	3274
3578	22	1	8	6
3579	22	1	27	17
3580	22	1	1806	1056
3581	22	1	126	87
3582	22	-1	77	51
3583	22	1	1584	791
3584	22	-1	7381	4232
3585	22	-1	78	56
3586	22	1	433	286
3587	22	1	49	30
3588	22	-1	988	521
3589	22	1	184	97
3590	22	-1	1489	962
3591	22	1	9	8
3592	22	-1	695	378
3593	22	-1	712	424
3594	22	-1	248	123
3595	22	-1	71	51
3596	22	-1	1886	970
3597	22	-1	11	9
3598	22	-1	3528	1923
3599	22	1	7	4
3600	22	-1	8	7
3601	22	1	392	205
3602	22	-1	551	288
3603	22	-1	366	232
3604	22	1	6189	3198
3605	22	1	60	34
3606	22	-1	95	63
3607	22	1	4050	2196
3608	22	-1	1540	825
3609	22	1	643	378
3610	22	1	96	50
3611	22	1	249	140
3612	22	-1	80	50
3613	22	1	7	3
3614	22	1	14	8
3615	22	-1	898	461
3616	22	-1	186	135
3617	22	-1	1263	658
3618	22	1	100	78
3619	22	-1	414	260
3620	22	1	44	32
3621	22	1	143	76
3622	22	-1	296	237
3623	22	-1	104	65
3624	22	-1	57	35
3625	22	-1	250	154
3626	22	1	105	69
3627	22	-1	680	440
3628	22	-1	12	10
3629	22	-1	23	11
3630	22	1	1	0
3631	22	1	242	122
3632	22	-1	328	214
3633	22	1	2611	1440
3634	22	1	12	11
3635	22	1	309	177
3636	22	1	60	44
3637	22	-1	3	3
3638	22	-1	931	490
3639	22	1	3	3
3640	22	1	196	134
3641	22	1	17	13
3642	22	-1	331	224
3643	22	1	501	304
3644	22	-1	30264	15472
3645	22	1	39	22
3646	22	-1	150	85
3647	22	-1	28406	13581
3648	22	-1	2	2
3649	22	1	2327	1320
3650	22	1	151	93
3651	22	1	1469	845
3652	22	-1	52	39
3653	22	-1	19	16
3654	22	1	47	34
3655	22	1	280	152
3656	22	1	18729	9103
3657	22	1	342	185
3658	22	1	350	198
3659	22	-1	4	2
3660	22	-1	672	460
3661	22	-1	174	113
3662	22	1	11	7
3663	22	-1	4	3
3664	22	1	1	0
3665	22	1	1317	703
3666	22	1	194	121
3667	22	-1	62	44
3668	22	1	126	73
3669	22	-1	1275	729
3670	22	1	137	94
3671	22	1	16	12
3672	22	1	17	12
3673	22	-1	2468	1400
3674	22	1	148	84
3675	22	-1	55	36
3676	22	1	100	62
3677	22	-1	1860	954
3678	22	1	31	21
3679	22	1	157	91
3680	22	1	187	101
3681	22	1	159	82
3682	22	1	71	41
3683	22	-1	198	105
3684	22	1	518	276
3685	22	1	250	131
3686	22	1	1	1
3687	22	1	64	47
3688	22	1	35	24
3689	22	-1	33	36
3690	22	1	3	1
3691	22	-1	4	2
3692	22	1	19	12
3693	22	1	5520	2714
3694	22	-1	690	311
3695	22	1	50	44
3696	22	1	47	28
3697	22	0	11943	6290
3698	22	-1	70	58
3699	22	1	130	80
3700	22	-1	144	93
3701	22	1	1284	736
3702	22	1	1	1
3703	22	1	2554	1112
3704	22	-1	4	2
3705	22	0	394	220
3706	22	-1	366	230
3707	22	1	8	6
3708	22	1	353	223
3709	22	1	1803	1010
3710	22	-1	437	316
3711	22	-1	11827	6128
3712	22	-1	623	454
3713	22	-1	5201	2805
3714	22	-1	49	45
3715	22	-1	596	379
3716	22	-1	2	1
3717	22	1	86	62
3718	22	1	5396	2621
3719	22	1	959	493
3720	22	1	42	25
3721	22	1	23	12
3722	22	-1	196	146
3723	22	1	80	60
3724	22	-1	112	85
3725	22	-1	109	86
3726	22	1	1563	767
3727	22	1	52	34
3728	22	1	42	37
3729	22	1	80	59
3730	22	-1	825	454
3731	22	-1	445	275
3732	22	-1	6316	3324
3733	22	-1	3	1
3734	22	1	87	61
3735	22	-1	55	39
3736	22	-1	3070	1563
3737	22	1	3917	2135
3738	22	0	493	261
3739	22	1	87	59
3740	22	-1	209	150
3741	22	-1	288	197
3742	22	-1	539	291
3743	22	-1	14	11
3744	22	1	158	102
3745	22	1	22	17
3746	22	1	6	4
3747	22	-1	9182	4650
3748	22	-1	2539	1478
3749	22	1	52	23
3750	22	-1	1640	815
3751	22	0	153	85
3752	22	1	146	90
3753	22	1	1	1
3754	22	-1	252	152
3755	22	-1	82	56
3756	22	1	30602	15012
3757	22	1	751	495
3758	22	-1	257	164
3759	22	1	3	3
3760	22	-1	368	223
3761	22	-1	131	105
3762	22	1	12875	6360
3763	22	-1	502	317
3764	22	1	260	147
3765	22	-1	1291	823
3766	22	1	279	172
3767	22	-1	29	27
3768	22	1	1066	687
3769	22	-1	11	9
3770	22	1	1110	586
3771	23	1	16	10
3772	23	-1	4745	2831
3773	23	-1	1560	871
3774	23	-1	9721	5093
3775	23	-1	2	1
3776	23	-1	2474	1675
3777	23	-1	15176	8627
3778	23	1	6590	3597
3779	23	0	8145	4704
3780	23	-1	1312	712
3781	23	-1	31	31
3782	23	1	9625	5235
3783	23	-1	9818	5293
3784	23	0	49	34
3785	23	-1	680	388
3786	23	1	128	79
3787	23	-1	986	633
3788	23	-1	308	178
3789	23	1	7	6
3790	23	1	15185	8584
3791	23	1	2305	1320
3792	23	1	36259	20811
3793	23	1	68681	33692
3794	23	1	2609	1578
3795	23	-1	786	471
3796	23	1	302	194
3797	23	-1	273	143
3798	23	-1	3680	1979
3799	23	1	6616	3602
3800	23	-1	1276	756
3801	23	0	756	483
3802	23	1	310	210
3803	23	-1	74	50
3804	23	-1	1369	776
3805	23	1	3270	1724
3806	23	-1	35377	19006
3807	23	1	1	0
3808	23	1	2601	1575
3809	23	1	1	1
3810	23	1	22	15
3811	23	1	1181	646
3812	23	1	75	51
3813	23	1	1	0
3814	23	1	2479	1241
3815	23	-1	1908	1193
3816	23	1	207	167
3817	23	1	20	21
3818	23	1	84	70
3819	23	-1	1692	924
3820	23	1	354996	179162
3821	23	1	1532	962
3822	23	-1	166	144
3823	23	-1	60	48
3824	23	-1	1249	754
3825	23	0	10869	6643
3826	23	0	43	31
3827	23	-1	2680	1593
3828	23	1	20	13
3829	23	-1	13131	7072
3830	23	1	85	48
3831	23	1	1104	588
3832	23	-1	127	98
3833	23	-1	151	122
3834	23	1	8	6
3835	23	1	16	18
3836	23	1	16	14
3837	23	1	7	7
3838	23	1	71	50
3839	23	-1	95	72
3840	23	-1	183	123
3841	23	-1	42511	22104
3842	23	1	2753	1591
3843	23	1	31	22
3844	23	-1	2634	1661
3845	23	1	1398	946
3846	23	1	2561	1469
3847	23	1	58	53
3848	23	1	3407	1938
3849	23	-1	2366	1302
3850	23	1	78	51
3851	23	1	640	384
3852	23	1	304	195
3853	23	-1	6475	3610
3854	23	1	94	68
3855	23	1	813	510
3856	23	1	235378	123509
3857	23	1	5321	3108
3858	23	-1	460	301
3859	23	-1	546	347
3860	23	-1	14088	7950
3861	23	1	103	82
3862	23	-1	224	168
3863	23	1	5184	2995
3864	23	-1	1836	1168
3865	23	-1	2294	1370
3866	23	1	42	31
3867	23	-1	1320	742
3868	23	-1	20	16
3869	23	0	5184	3162
3870	23	1	7339	4226
3871	23	1	13	16
3872	23	-1	487480	267695
3873	23	1	96	74
3874	23	1	682	414
3875	23	1	236	138
3876	23	1	61093	32570
3877	23	1	3829	2325
3878	23	1	125	77
3879	23	1	17	19
3880	23	1	63	44
3881	23	1	270	174
3882	23	-1	408	280
3883	23	1	77	55
3884	23	1	172	112
3885	23	1	14	15
3886	23	-1	32	29
3887	23	-1	2511	1681
3888	23	1	68	43
3889	23	1	34	24
3890	23	1	45	39
3891	23	-1	137	102
3892	23	1	12	10
3893	23	1	100118	54239
3894	23	1	1780	1115
3895	23	1	1985	1232
3896	23	-1	472	323
3897	23	-1	299	200
3898	23	1	80	47
3899	23	1	589	379
3900	23	-1	1166	777
3901	23	1	23	23
3902	23	-1	114	83
3903	23	-1	2480	1314
3904	23	1	1286	747
3905	23	-1	44	44
3906	23	-1	28	24
3907	23	-1	2298	1242
3908	23	-1	67	60
3909	23	1	1841	1163
3910	23	1	616	361
3911	23	-1	611	430
3912	23	-1	3061	2024
3913	23	1	4705	2695
3914	23	1	36	25
3915	23	-1	5	5
3916	23	-1	6252	3241
3917	23	1	7	7
3918	23	-1	3873	2228
3919	23	-1	36280	21447
3920	23	1	16	24
3921	23	1	234	157
3922	23	1	4875	2493
3923	23	1	8814	5164
3924	23	1	1	1
3925	23	1	17	16
3926	23	1	1380	926
3927	23	1	3220	2042
3928	23	-1	63701	39679
3929	23	-1	5	5
3930	23	1	1202	767
3931	23	0	2087	1166
3932	23	1	17	9
3933	23	-1	8	6
3934	23	0	9658	5801
3935	23	-1	660	495
3936	23	1	171	132
3937	23	-1	664	412
3938	23	1	3120	1782
3939	23	1	17386	9381
3940	23	1	13	16
3941	23	-1	120	78
3942	23	-1	737	452
3943	23	0	1960	1266
3944	23	1	32279	16592
3945	23	-1	2610	1407
3946	23	1	20	19
3947	23	1	3629	1998
3948	23	1	7	7
3949	23	1	57	40
3950	23	-1	43	27
3951	23	-1	93	84
3952	23	-1	114	87
3953	23	-1	2068	1275
3954	23	1	74202	41246
3955	23	1	9	7
3956	23	-1	1548	948
3957	23	1	1204	678
3958	23	-1	3865	2133
3959	23	1	186	158
3960	23	-1	142	101
3961	23	1	103	62
3962	23	1	123	111
3963	23	-1	1136	601
3964	23	-1	297	177
3965	23	1	1	0
3966	23	-1	308	217
3967	23	1	49	36
3968	23	-1	338	286
3969	23	-1	6213	3961
3970	23	-1	6	4
3971	23	-1	82	68
3972	23	-1	2	1
3973	23	-1	120	80
3974	23	-1	5518	3215
3975	23	-1	2	1
3976	23	-1	1692	965
3977	23	-1	21	19
3978	23	-1	1609	870
3979	23	1	370	253
3980	23	1	794	400
3981	23	1	242	164
3982	23	-1	2294	1260
3983	23	1	1259	769
3984	23	1	26174	15342
3985	23	1	8276	4598
3986	23	-1	419	318
3987	23	-1	291	190
3988	23	-1	26156	12716
3989	23	1	1077	625
3990	23	1	13	12
3991	23	1	321620	171865
3992	23	1	157120	92338
3993	23	1	19911	9967
3994	23	-1	4614	2723
3995	23	-1	150	114
3996	23	1	203	112
3997	23	-1	110	87
3998	23	1	359	205
3999	23	1	684	427
4000	23	1	7788	4137
4001	23	1	15	12
4002	23	1	36	33
4003	23	1	34	25
4004	23	-1	1183	717
4005	23	-1	298	230
4006	23	-1	378	217
4007	23	1	3	3
4008	23	1	19003	9998
4009	23	-1	151	108
4010	23	-1	1358	758
4011	23	1	57	32
4012	23	-1	3270	1808
4013	23	1	27762	16392
4014	23	1	30	24
4015	23	1	250	166
4016	23	-1	724	469
4017	23	1	197	115
4018	23	-1	317	227
4019	23	1	13	13
4020	23	1	37	24
4021	23	1	313	192
4022	23	1	10535	5834
4023	23	0	67	41
4024	23	1	1	1
4025	23	-1	215	122
4026	23	1	1267	679
4027	23	-1	22	10
4028	23	-1	182	156
4029	23	-1	3	1
4030	23	-1	56	28
4031	23	-1	147	107
4032	23	1	123	81
4033	23	-1	3	2
4034	23	1	15377	8702
4035	23	1	282	185
4036	23	0	1582	976
4037	23	1	8	7
4038	23	-1	185	144
4039	23	1	561	345
4040	23	1	33	29
4041	23	1	760	519
4042	23	1	41	26
4043	23	1	1601	878
4044	23	-1	8769	4868
4045	23	-1	866	570
4046	23	1	554	351
4047	23	-1	3422	1933
4048	23	1	3016	1810
4049	23	1	3220	1980
4050	23	1	3421	2048
4051	23	1	1622	845
4052	23	1	78	46
4053	23	-1	1853	1111
4054	23	1	295	158
4055	23	1	383650	192329
4056	23	-1	108	100
4057	23	1	5226	3001
4058	23	1	15	12
4059	23	-1	62	59
4060	23	1	2770	1653
4061	23	0	986	534
4062	23	1	699	415
4063	23	-1	1041	649
4064	23	1	6	4
4065	23	-1	2212	1278
4066	23	1	287	179
4067	23	1	3	3
4068	23	1	128	73
4069	23	1	1192	753
4070	23	-1	2294	1217
4071	24	-1	125145	67936
4072	24	1	599	352
4073	24	1	7912	4707
4074	24	1	46	35
4075	24	1	11	7
4076	24	1	147	88
4077	24	1	25	16
4078	24	-1	105	97
4079	24	-1	697	412
4080	24	1	13	10
4081	24	-1	117535	58985
4082	24	1	2849	1660
4083	24	1	7262	4196
4084	24	-1	494321	212189
4085	24	-1	365	243
4086	24	-1	6805	4241
4087	24	1	20	16
4088	24	-1	147	100
4089	24	1	1283	756
4090	24	-1	9358	4707
4091	24	1	88	57
4092	24	1	7143	3939
4093	24	1	478	275
4094	24	1	6049	3384
4095	24	-1	2193	1231
4096	24	1	5	6
4097	24	-1	378	234
4098	24	1	3330	1620
4099	24	-1	22519	12943
4100	24	-1	6654	3802
4101	24	1	2646	1408
4102	24	1	29081	15261
4103	24	1	16514	9180
4104	24	1	18	15
4105	24	-1	969	445
4106	24	-1	57050	28804
4107	24	-1	256	174
4108	24	-1	2	1
4109	24	1	229	155
4110	24	-1	207	172
4111	24	1	35619	17167
4112	24	1	186	148
4113	24	-1	488	285
4114	24	1	46	27
4115	24	1	3609	1927
4116	24	1	2445	1478
4117	24	1	3	2
4118	24	1	2985	1409
4119	24	-1	2	2
4120	24	-1	63901	32784
4121	24	1	13295	7690
4122	24	1	9096	5247
4123	24	-1	171	107
4124	24	1	5	7
4125	24	1	5	11
4126	24	-1	348	212
4127	24	1	10930	5288
4128	24	-1	6451	3277
4129	24	0	22286	13136
4130	24	-1	1254	752
4131	24	1	7649	4593
4132	24	1	226	147
4133	24	1	8	7
4134	24	1	2042	1155
4135	24	1	1	1
4136	24	1	17	15
4137	24	-1	3	2
4138	24	1	31	19
4139	24	-1	771	477
4140	24	-1	3699	2213
4141	24	1	47	44
4142	24	-1	1679	1073
4143	24	-1	839	501
4144	24	-1	346	220
4145	24	-1	4339	2745
4146	24	1	161	118
4147	24	1	1430	866
4148	24	-1	3598	2070
4149	24	-1	9551	5264
4150	24	-1	16014	8995
4151	24	-1	3570	2060
4152	24	1	56	40
4153	24	-1	112	99
4154	24	0	49839	26065
4155	24	-1	644	435
4156	24	1	85	70
4157	24	-1	879	556
4158	24	1	3119	1616
4159	24	1	2938	1852
4160	24	1	3332	2019
4161	24	1	5344	3272
4162	24	-1	33	48
4163	24	1	1274	724
4164	24	-1	204	168
4165	24	1	789	452
4166	24	1	1664	1012
4167	24	-1	8757	4858
4168	24	1	50326	25236
4169	24	1	290	158
4170	24	1	8	7
4171	24	-1	53	43
4172	24	-1	110	91
4173	24	1	3918	2128
4174	24	1	674	411
4175	24	1	3	4
4176	24	1	1677	996
4177	24	1	8	7
4178	24	-1	706	424
4179	24	1	1962	1016
4180	24	1	3413	2000
4181	24	1	840	431
4182	24	-1	39311	19326
4183	24	-1	288	174
4184	24	1	1341	845
4185	24	-1	982	694
4186	24	-1	4144	2260
4187	24	-1	35375	21311
4188	24	1	23403	11787
4189	24	-1	14	16
4190	24	-1	511	376
4191	24	-1	3607	2092
4192	24	-1	41	26
4193	24	1	3430	1752
4194	24	1	3267	1867
4195	24	-1	19572	10854
4196	24	-1	8347	4242
4197	24	1	1588	1066
4198	24	-1	29	23
4199	24	1	32	21
4200	24	-1	555	451
4201	24	-1	2093	1305
4202	24	-1	1672	1017
4203	24	-1	6805	4242
4204	24	-1	212	159
4205	24	-1	3219	1860
4206	24	1	6	7
4207	24	-1	3970	2274
4208	24	1	5454	3337
4209	24	-1	102	63
4210	24	1	14	12
4211	24	-1	4439	2328
4212	24	1	5	4
4213	24	-1	2	1
4214	24	-1	24749	12729
4215	24	-1	39119	20485
4216	24	1	345	190
4217	24	-1	2153	1303
4218	24	1	7564	3975
4219	24	1	6663	3368
4220	24	-1	3825	2094
4221	24	1	114770	65036
4222	24	-1	399	233
4223	24	1	13	10
4224	24	1	37	36
4225	24	1	2818	1583
4226	24	-1	176	162
4227	24	1	14541	7447
4228	24	1	4	4
4229	24	-1	153	129
4230	24	-1	50510	25282
4231	24	-1	13381	7807
4232	24	-1	11114	6149
4233	24	-1	681	443
4234	24	-1	22879	12939
4235	24	-1	2055	1314
4236	24	-1	542	336
4237	24	1	1786	908
4238	24	1	1111	692
4239	24	-1	28530	16432
4240	24	-1	7774	4790
4241	24	-1	120	101
4242	24	-1	6805	4392
4243	24	1	64	60
4244	24	-1	40315	23228
4245	24	1	290	179
4246	24	1	1533	869
4247	24	1	150873	76809
4248	24	-1	51555	28633
4249	24	-1	5070	3444
4250	24	-1	5227	3232
4251	24	-1	225	155
4252	24	1	1	1
4253	24	-1	34	24
4254	24	-1	377	267
4255	24	1	1155	708
4256	24	-1	2779	1886
4257	24	-1	2428	1461
4258	24	1	1372	833
4259	24	1	1075	619
4260	24	1	16514	9356
4261	24	1	646	492
4262	24	-1	1326	874
4263	24	-1	62	51
4264	24	1	681	454
4265	24	1	10003	6291
4266	24	-1	3	2
4267	24	-1	648	469
4268	24	-1	1217	812
4269	24	1	38	30
4270	24	1	22689	14215
4271	24	1	18	17
4272	24	-1	37170	21798
4273	24	1	4505	2804
4274	24	1	6	4
4275	24	-1	7	7
4276	24	1	57630	35078
4277	24	1	14113	9487
4278	24	1	3	4
4279	24	-1	4560	3138
4280	24	-1	501	373
4281	24	1	3047	1882
4282	24	-1	4691	2692
4283	24	1	6755	4444
4284	24	1	6	3
4285	24	1	1551	1134
4286	24	1	60	46
4287	24	-1	710	546
4288	24	1	45	37
4289	24	-1	370	284
4290	24	1	414	302
4291	24	1	13567	7582
4292	24	1	5821	3133
4293	24	0	474	298
4294	24	1	806	524
4295	24	-1	20719	13061
4296	24	-1	5070	3440
4297	24	-1	2	2
4298	24	-1	1477	1085
4299	24	-1	10754	6758
4300	24	-1	10296	5821
4301	24	-1	2936	1894
4302	24	0	885	613
4303	24	-1	6463	3531
4304	24	1	2352	1429
4305	24	1	374	270
4306	24	1	7800	4946
4307	24	-1	90	63
4308	24	-1	6391	3912
4309	24	-1	2729	1760
4310	24	1	101	101
4311	24	-1	1312	768
4312	24	1	1	1
4313	24	1	1322	852
4314	24	-1	122	78
4315	24	1	172	114
4316	24	-1	6805	4351
4317	24	-1	7904	4535
4318	24	1	135	100
4319	24	1	1070	722
4320	24	1	609	442
4321	24	-1	6805	4431
4322	24	-1	5017	3141
4323	24	-1	323	268
4324	24	1	493	327
4325	24	-1	2607	1563
4326	24	-1	8	7
4327	24	1	186	125
4328	24	1	1475	1028
4329	24	-1	6326	3943
4330	24	0	3300	2095
4331	24	-1	111	88
4332	24	1	2226	1480
4333	24	-1	2723	1924
4334	24	-1	377	226
4335	24	-1	985268	514263
4336	24	-1	6805	4364
4337	24	1	1	0
4338	24	1	7582	4426
4339	24	-1	189	139
4340	24	1	33	26
4341	24	-1	251	190
4342	24	-1	104	93
4343	24	-1	2148	1320
4344	24	1	50	37
4345	24	1	4	4
4346	24	1	5	3
4347	24	1	201	131
4348	24	1	38	24
4349	24	0	21363	12853
4350	24	-1	1333	943
4351	24	-1	969	616
4352	24	-1	9485	5788
4353	24	0	747	481
4354	24	1	64	47
4355	24	-1	258	203
4356	24	-1	67776	38748
4357	24	1	16	16
4358	24	-1	74	49
4359	24	-1	1169	753
4360	24	1	831	537
4361	24	0	818	512
4362	24	1	532	334
4363	24	1	261	163
4364	24	1	6011	3767
4365	24	1	8869	5157
4366	24	1	20503	10394
4367	24	1	973	560
4368	24	-1	380	263
4369	24	1	2659	1521
4370	24	-1	411	265
