rep	threads	engine_s	wall_s	requests	turns	peak_mb	gather_s	pkg_c_before
1	20	8.7240	34.5063	35903101	28478	896	1.4243	78
1	14	9.5710	35.5664	35903101	28478	859	1.5128	79
1	12	10.3467	37.7298	35903101	28478	863	1.4738	85
1	8	12.6153	42.2311	35903101	28478	836	1.1816	88
1	6	14.8177	47.0850	35903101	28478	828	1.1845	79
1	4	21.0768	69.3952	35903101	28478	829	1.1894	80
1	2	38.4477	140.0961	35903101	28478	806	1.1883	75
1	1	78.7611	345.5243	35903101	28478	801	1.2918	73
2	1	77.4251	328.7830	35903101	28478	802	1.2711	69
2	2	36.8599	124.5902	35903101	28478	809	1.1651	69
2	4	19.7585	62.3144	35903101	28478	817	1.1886	75
2	6	14.4488	44.3522	35903101	28478	830	1.1251	75
2	8	12.2088	39.6090	35903101	28478	838	1.2336	78
2	12	10.0813	35.4184	35903101	28478	843	1.5279	80
2	14	9.4865	34.8320	35903101	28478	870	1.4882	80
2	20	8.4551	33.1399	35903101	28478	881	1.3836	81
