time	pkg_c	mean_mhz	load1
2026-09-23 09:43:01	78	1781	9.43
2026-09-23 09:44:01	92	2739	10.75
2026-09-23 09:45:01	93	2472	12.41
2026-09-23 09:46:01	92	2003	10.53
2026-09-23 09:47:01	89	1842	8.18
2026-09-23 09:48:01	92	1740	5.71
2026-09-23 09:49:01	88	1878	4.03
2026-09-23 09:50:01	93	2098	3.36
2026-09-23 09:51:01	85	1309	2.44
2026-09-23 09:52:01	95	1950	2.24
2026-09-23 09:53:01	95	1707	2.13
2026-09-23 09:54:01	85	1767	2.22
2026-09-23 09:55:01	92	1705	2.17
2026-09-23 09:56:01	87	2316	1.76
2026-09-23 09:57:01	89	2596	2.01
2026-09-23 09:58:01	95	2173	1.97
2026-09-23 09:59:01	93	2291	1.93
2026-09-23 10:00:01	93	2716	2.13
2026-09-23 10:01:01	73	1827	2.06
2026-09-23 10:02:01	93	1758	2.36
2026-09-23 10:03:01	84	1856	2.99
2026-09-23 10:04:01	88	2449	3.62
2026-09-23 10:05:01	94	2476	5.74
2026-09-23 10:06:01	93	2738	7.83
2026-09-23 10:07:01	92	2454	11.49
2026-09-23 10:08:01	94	2479	17.30
2026-09-23 10:09:01	93	2639	19.42
2026-09-23 10:10:01	90	2639	18.12
2026-09-23 10:11:01	92	2544	19.39
2026-09-23 10:12:01	94	2479	19.80
2026-09-23 10:13:01	94	2563	15.54
2026-09-23 10:14:01	93	2628	18.67
2026-09-23 10:15:01	94	2479	19.17
2026-09-23 10:16:01	92	2570	21.09
2026-09-23 10:17:01	94	2420	20.83
2026-09-23 10:18:01	91	1656	16.70
2026-09-23 10:19:01	71	2144	7.26
2026-09-23 10:20:01	89	1910	3.77
2026-09-23 10:21:01	73	1681	2.31
2026-09-23 10:22:01	76	1655	2.31
2026-09-23 10:23:01	91	2036	2.30
2026-09-23 10:24:01	70	1976	2.29
2026-09-23 10:25:01	77	2145	2.03
2026-09-23 10:26:01	73	1839	2.30
2026-09-23 10:27:02	73	2054	1.99
2026-09-23 10:28:02	93	2029	2.07
2026-09-23 10:29:02	73	1973	2.11
2026-09-23 10:30:02	73	1687	2.31
2026-09-23 10:31:02	77	1671	2.37
2026-09-23 10:32:02	74	1991	2.18
2026-09-23 10:33:02	77	1784	2.21
2026-09-23 10:34:02	73	1916	1.76
2026-09-23 10:35:02	76	1708	1.77
2026-09-23 10:36:02	94	2050	1.89
2026-09-23 10:37:02	74	1776	2.03
2026-09-23 10:38:02	95	1747	2.15
2026-09-23 10:39:02	80	1938	2.00
2026-09-23 10:40:02	73	1771	2.04
2026-09-23 10:41:02	94	1877	2.04
2026-09-23 10:42:02	74	1707	2.27
2026-09-23 10:43:02	93	1421	2.04
2026-09-23 10:44:02	93	1531	2.08
2026-09-23 10:45:02	80	1762	1.79
2026-09-23 10:46:02	74	2050	1.95
2026-09-23 10:47:02	76	1678	1.85
2026-09-23 10:48:02	74	2082	2.22
2026-09-23 10:49:02	78	2038	2.01
2026-09-23 10:50:02	92	1726	1.70
2026-09-23 10:51:02	76	1823	1.94
2026-09-23 10:52:02	82	1581	2.12
2026-09-23 10:53:02	74	2060	2.19
2026-09-23 10:54:02	92	929	2.11
2026-09-23 10:55:02	68	1159	1.48
2026-09-23 10:56:02	68	1155	1.25
2026-09-23 10:57:02	67	1151	1.09
2026-09-23 10:58:02	67	1221	1.25
2026-09-23 10:59:02	65	1312	1.23
2026-09-23 11:00:02	65	1159	1.15
2026-09-23 11:01:02	64	1365	1.11
2026-09-23 11:02:02	64	1159	1.04
2026-09-23 11:03:02	64	1448	1.14
2026-09-23 11:04:02	63	1202	1.20
2026-09-23 11:05:02	63	1167	1.07
2026-09-23 11:06:02	64	1348	1.39
2026-09-23 11:07:02	64	1268	1.21
2026-09-23 11:08:02	63	1194	1.14
2026-09-23 11:09:02	63	1159	1.24
2026-09-23 11:10:02	62	1433	1.09
2026-09-23 11:11:02	63	1688	1.03
2026-09-23 11:12:02	63	1159	1.01
2026-09-23 11:13:02	63	1152	1.00
2026-09-23 11:14:02	61	1487	1.00
2026-09-23 11:15:02	63	1156	1.07
2026-09-23 11:16:02	60	1334	1.10
2026-09-23 11:17:02	61	1172	1.11
2026-09-23 11:18:02	60	1155	1.13
2026-09-23 11:19:02	61	1449	1.05
2026-09-23 11:20:02	61	1313	1.02
2026-09-23 11:21:02	61	1557	1.00
2026-09-23 11:22:02	60	1302	1.22
2026-09-23 11:23:02	60	1163	1.16
2026-09-23 11:24:02	61	1453	1.23
2026-09-23 11:25:02	62	2035	1.21
2026-09-23 11:26:02	62	1753	1.08
2026-09-23 11:27:02	62	1559	1.06
2026-09-23 11:28:02	61	1155	1.02
2026-09-23 11:29:02	61	1180	1.01
2026-09-23 11:30:02	60	1198	1.00
2026-09-23 11:31:02	68	1170	1.14
2026-09-23 11:32:02	61	1396	1.08
2026-09-23 11:33:02	60	1322	1.06
2026-09-23 11:34:02	60	1178	1.05
2026-09-23 11:35:02	61	1320	1.09
2026-09-23 11:36:02	61	1307	1.03
2026-09-23 11:37:02	61	1162	1.01
2026-09-23 11:38:02	61	1214	1.00
2026-09-23 11:39:02	61	1333	1.14
2026-09-23 11:40:02	61	1150	1.08
2026-09-23 11:41:02	61	1177	1.06
2026-09-23 11:42:02	61	1187	1.06
2026-09-23 11:43:02	61	1144	1.17
2026-09-23 11:44:02	61	1313	1.06
2026-09-23 11:45:02	61	1154	1.02
2026-09-23 11:46:02	61	1235	1.04
2026-09-23 11:47:02	61	1203	1.01
2026-09-23 11:48:02	61	1189	1.04
2026-09-23 11:49:02	59	1445	1.21
2026-09-23 11:50:02	60	1203	1.20
2026-09-23 11:51:02	60	1245	1.07
2026-09-23 11:52:02	61	1241	1.09
2026-09-23 11:53:02	60	1150	1.03
2026-09-23 11:54:02	59	1168	1.01
2026-09-23 11:55:02	60	1478	1.04
2026-09-23 11:56:02	59	1200	1.06
2026-09-23 11:57:02	59	1306	1.06
2026-09-23 11:58:02	60	1160	1.06
2026-09-23 11:59:02	60	1198	1.02
2026-09-23 12:00:02	62	1655	1.01
2026-09-23 12:01:02	60	1303	1.04
2026-09-23 12:02:02	60	1344	1.01
2026-09-23 12:03:02	60	1354	1.00
2026-09-23 12:04:02	60	1443	1.04
2026-09-23 12:05:02	60	1147	1.06
2026-09-23 12:06:02	60	1308	1.06
2026-09-23 12:07:02	60	1165	1.10
2026-09-23 12:08:02	60	1333	1.03
2026-09-23 12:09:02	60	1162	1.01
2026-09-23 12:10:02	59	1311	1.00
2026-09-23 12:11:02	62	1378	1.05
2026-09-23 12:12:02	60	1178	1.06
2026-09-23 12:13:02	60	1193	1.11
2026-09-23 12:14:02	60	1183	1.12
2026-09-23 12:15:02	60	1322	1.04
2026-09-23 12:16:02	60	1372	1.01
2026-09-23 12:17:02	62	1318	1.00
2026-09-23 12:18:02	62	1173	1.03
2026-09-23 12:19:02	60	1588	1.01
2026-09-23 12:20:02	60	1188	1.06
2026-09-23 12:21:02	60	1227	1.22
2026-09-23 12:22:02	60	1241	1.13
2026-09-23 12:23:02	59	1150	1.05
2026-09-23 12:24:02	60	1154	1.02
2026-09-23 12:25:02	60	1314	1.04
2026-09-23 12:26:02	60	1160	1.01
2026-09-23 12:27:02	60	1158	1.00
2026-09-23 12:28:02	62	1313	1.06
2026-09-23 12:29:02	60	1163	1.08
2026-09-23 12:30:02	60	1236	1.08
2026-09-23 12:31:02	60	1159	1.09
2026-09-23 12:32:02	60	1150	1.03
2026-09-23 12:33:02	60	1323	1.01
2026-09-23 12:34:02	60	1309	1.00
2026-09-23 12:35:02	74	1546	1.15
2026-09-23 12:36:02	60	1272	1.15
2026-09-23 12:37:02	62	1182	1.11
2026-09-23 12:38:02	63	1316	1.10
2026-09-23 12:39:02	60	1407	1.10
2026-09-23 12:40:02	60	1153	1.07
2026-09-23 12:41:02	60	1180	1.02
2026-09-23 12:42:02	60	1296	1.09
2026-09-23 12:43:02	60	1187	1.03
2026-09-23 12:44:02	62	1192	1.11
2026-09-23 12:45:03	60	1156	1.11
2026-09-23 12:46:03	60	1195	1.11
2026-09-23 12:47:03	60	1173	1.11
2026-09-23 12:48:03	62	1173	1.10
2026-09-23 12:49:03	60	1493	1.04
2026-09-23 12:50:03	60	1309	1.09
2026-09-23 12:51:03	60	1168	1.03
2026-09-23 12:52:03	62	1173	1.20
2026-09-23 12:53:03	60	1162	1.15
2026-09-23 12:54:03	59	1162	1.13
2026-09-23 12:55:03	60	1228	1.04
2026-09-23 12:56:03	62	1210	1.01
2026-09-23 12:57:03	60	1250	1.08
2026-09-23 12:58:03	62	1265	1.10
2026-09-23 12:59:03	60	1313	1.14
2026-09-23 13:00:03	63	1162	1.13
2026-09-23 13:01:03	63	1477	1.13
2026-09-23 13:02:03	62	1653	1.39
2026-09-23 13:03:03	63	1459	1.14
2026-09-23 13:04:03	60	1623	1.05
2026-09-23 13:05:03	62	1210	1.02
2026-09-23 13:06:03	62	1292	1.00
2026-09-23 13:07:03	62	1491	1.13
2026-09-23 13:08:03	60	1443	1.08
2026-09-23 13:09:03	60	1443	1.10
2026-09-23 13:10:03	60	1175	1.07
2026-09-23 13:11:03	60	1261	1.06
2026-09-23 13:12:03	60	1306	1.02
2026-09-23 13:13:03	60	1196	1.00
2026-09-23 13:14:03	60	1214	1.00
2026-09-23 13:15:03	59	1159	1.00
2026-09-23 13:16:03	60	1170	1.15
2026-09-23 13:17:03	64	1207	1.09
2026-09-23 13:18:03	60	1168	1.06
2026-09-23 13:19:03	57	1584	1.23
2026-09-23 13:20:03	62	1174	1.08
2026-09-23 13:21:03	61	1151	1.09
2026-09-23 13:22:03	62	1182	1.03
2026-09-23 13:23:03	61	1244	1.14
2026-09-23 13:24:03	61	1153	1.12
2026-09-23 13:25:03	61	1425	1.08
2026-09-23 13:26:03	62	1146	1.07
2026-09-23 13:27:03	61	1274	1.13
2026-09-23 13:28:03	61	1162	1.05
2026-09-23 13:29:03	61	1294	1.02
2026-09-23 13:30:03	61	1180	1.00
2026-09-23 13:31:03	62	1174	1.05
2026-09-23 13:32:03	62	1159	1.02
2026-09-23 13:33:03	62	1485	1.05
2026-09-23 13:34:03	62	1340	1.09
2026-09-23 13:35:03	60	1310	1.07
2026-09-23 13:36:03	62	1394	1.02
2026-09-23 13:37:03	62	1153	1.01
2026-09-23 13:38:03	62	1316	1.00
2026-09-23 13:39:03	62	1188	1.00
2026-09-23 13:40:03	62	1163	1.00
2026-09-23 13:41:03	62	1154	1.04
2026-09-23 13:42:03	60	1173	1.06
2026-09-23 13:43:03	60	1396	1.06
2026-09-23 13:44:03	62	1164	1.11
2026-09-23 13:45:03	62	1348	1.04
2026-09-23 13:46:03	60	1154	1.09
2026-09-23 13:47:03	62	1184	1.03
2026-09-23 13:48:03	62	1466	1.01
2026-09-23 13:49:03	57	1183	1.05
2026-09-23 13:50:03	61	1501	1.13
2026-09-23 13:51:03	60	1734	1.14
2026-09-23 13:52:03	61	1332	1.15
2026-09-23 13:53:03	60	1314	1.11
2026-09-23 13:54:03	61	1466	1.07
2026-09-23 13:55:03	60	1576	1.02
2026-09-23 13:56:03	60	1507	1.01
2026-09-23 13:57:03	60	1314	1.11
2026-09-23 13:58:03	61	1375	1.09
2026-09-23 13:59:03	61	1387	1.08
2026-09-23 14:00:03	61	1144	1.25
2026-09-23 14:01:03	60	1161	1.16
2026-09-23 14:02:03	60	1320	1.06
2026-09-23 14:03:03	61	1151	1.02
2026-09-23 14:04:03	63	1209	1.06
2026-09-23 14:05:03	62	1459	1.14
2026-09-23 14:06:03	62	1173	1.11
2026-09-23 14:07:03	60	1157	1.09
2026-09-23 14:08:03	62	1167	1.15
2026-09-23 14:09:03	63	1147	1.18
2026-09-23 14:10:03	62	1475	1.06
2026-09-23 14:11:03	62	1357	1.02
2026-09-23 14:12:03	62	1192	1.01
2026-09-23 14:13:03	62	1197	1.06
2026-09-23 14:14:03	60	1155	1.08
2026-09-23 14:15:03	62	1151	1.09
2026-09-23 14:16:03	60	1181	1.09
2026-09-23 14:17:03	60	1330	1.10
2026-09-23 14:18:03	59	1305	1.03
2026-09-23 14:19:03	57	1516	1.01
2026-09-23 14:20:03	59	1302	1.00
2026-09-23 14:21:03	59	1457	1.07
2026-09-23 14:22:03	59	1323	1.28
2026-09-23 14:23:03	58	1227	1.17
2026-09-23 14:24:03	62	1222	1.22
2026-09-23 14:25:03	59	1197	1.08
2026-09-23 14:26:03	58	1303	1.03
2026-09-23 14:27:03	59	1206	1.09
2026-09-23 14:28:03	59	1180	1.03
2026-09-23 14:29:03	58	1183	1.28
2026-09-23 14:30:03	59	1186	1.17
2026-09-23 14:31:03	59	1164	1.21
2026-09-23 14:32:03	61	1179	1.15
2026-09-23 14:33:03	59	1179	1.05
2026-09-23 14:34:03	59	1165	1.02
2026-09-23 14:35:03	61	1484	1.00
2026-09-23 14:36:03	59	1180	1.10
2026-09-23 14:37:03	61	1345	1.11
2026-09-23 14:38:03	64	1320	1.12
2026-09-23 14:39:03	61	1629	1.12
2026-09-23 14:40:03	63	1595	1.04
2026-09-23 14:41:03	61	1488	1.07
2026-09-23 14:42:03	59	1323	1.02
2026-09-23 14:43:03	59	1156	1.14
2026-09-23 14:44:03	59	1298	1.10
2026-09-23 14:45:03	59	1196	1.20
2026-09-23 14:46:03	59	1299	1.10
2026-09-23 14:47:03	59	1194	1.18
2026-09-23 14:48:03	61	1255	1.17
2026-09-23 14:49:03	59	1017	1.06
2026-09-23 14:50:03	63	1830	1.02
2026-09-23 14:51:03	62	1169	1.01
2026-09-23 14:52:03	60	1225	1.00
2026-09-23 14:53:03	60	1407	1.03
2026-09-23 14:54:03	62	1309	1.05
2026-09-23 14:55:03	60	1167	1.05
2026-09-23 14:56:03	62	1170	1.12
2026-09-23 14:57:03	62	1160	1.29
2026-09-23 14:58:03	62	1418	1.11
2026-09-23 14:59:03	62	1154	1.04
2026-09-23 15:00:03	60	1275	1.01
2026-09-23 15:01:03	60	1150	1.00
2026-09-23 15:02:03	62	1151	1.04
2026-09-23 15:03:03	62	1220	1.05
2026-09-23 15:04:04	60	1180	1.12
2026-09-23 15:05:04	62	1176	1.08
2026-09-23 15:06:04	60	1244	1.16
2026-09-23 15:07:04	62	1167	1.06
2026-09-23 15:08:04	62	1195	1.02
2026-09-23 15:09:04	62	1255	1.05
2026-09-23 15:10:04	60	1187	1.06
2026-09-23 15:11:04	60	1562	1.06
