gen	selfplay_s	positions	train_s	val_value_mse	val_policy_ce	val_top1	turns_per_game	first_player_score
1	714	2938934	55	0.3899	1.2671	0.6543	29.84	0.5013
2	576	2954173	24	0.3940	1.2384	0.6659	29.85	0.5010
3	406	2966063	27	0.3798	1.2259	0.6669	29.71	0.5002
4	389	2980383	25	0.3523	1.1778	0.6887	29.82	0.4981
5	405	2980809	24	0.3476	1.1361	0.7060	29.85	0.4974
6	392	2980260	25	0.3486	1.1134	0.7116	29.83	0.4996
7	407	2982709	25	0.3394	1.0873	0.7183	29.81	0.5010
8	414	2980914	25	0.3255	1.0665	0.7226	29.75	0.4980
9	458	2977464	24	0.3051	1.0746	0.7205	29.71	0.4977
10	409	2973535	25	0.2999	1.0677	0.7240	29.67	0.4965
11	408	2970314	24	0.2884	1.0568	0.7235	29.68	0.5001
12	422	2969564	25	0.2847	1.0532	0.7225	29.72	0.5005
13	401	2970717	24	0.2858	1.0627	0.7215	29.76	0.4966
14	395	2974408	24	0.2820	1.0625	0.7258	29.82	0.4974
15	399	2978720	25	0.2821	1.0544	0.7335	29.85	0.5028
