mode	arm	seed	engine_s	wall_s	turns	gather_s	pkg_c_before
mt	gcc14	3001	7.0921	28.7268	28291	0.0002	78
mt	clang20	3001	6.7807	21.7362	28291	0.0002	76
mt	base	3001	7.1572	29.7249	28291	0.0005	72
mt	clang20	3002	6.8065	21.8228	28308	0.0002	73
mt	base	3002	7.1850	29.8222	28308	0.0005	72
mt	gcc14	3002	7.1542	29.0881	28308	0.0002	73
mt	base	3003	7.3021	30.3164	28537	0.0005	72
mt	gcc14	3003	7.2341	29.4267	28537	0.0002	73
mt	clang20	3003	6.9367	22.2208	28537	0.0001	71
mt	gcc14	3004	7.2158	29.5140	28665	0.0002	81
mt	clang20	3004	6.9205	22.2790	28665	0.0001	71
mt	base	3004	7.2931	30.4696	28665	0.0006	73
mt	clang20	3005	6.8172	22.0170	28279	0.0001	74
mt	base	3005	7.1665	29.8225	28279	0.0005	72
mt	gcc14	3005	7.1248	29.1510	28279	0.0002	76
mt	base	3006	7.2490	30.2591	28610	0.0006	72
mt	gcc14	3006	7.2116	29.4646	28610	0.0002	77
mt	clang20	3006	6.9781	22.5129	28610	0.0002	74
mt	gcc14	3007	7.3218	29.9441	28857	0.0002	72
mt	clang20	3007	7.0228	22.6570	28857	0.0002	73
mt	base	3007	7.3954	30.6363	28857	0.0006	73
mt	clang20	3008	6.9341	22.3943	28438	0.0002	72
mt	base	3008	7.2860	30.3869	28438	0.0006	72
mt	gcc14	3008	7.1802	29.3793	28438	0.0002	71
mt	base	3009	7.1611	29.7319	28051	0.0006	74
mt	gcc14	3009	7.1319	29.1722	28051	0.0002	75
mt	clang20	3009	6.8620	22.1524	28051	0.0001	74
mt	gcc14	3010	7.2215	29.5311	28431	0.0002	73
mt	clang20	3010	6.9643	22.4735	28431	0.0002	72
mt	base	3010	7.2717	30.2314	28431	0.0006	79
mt	clang20	3011	6.8572	22.1737	28274	0.0002	72
mt	base	3011	7.2595	30.2528	28274	0.0006	73
mt	gcc14	3011	7.1712	29.4225	28274	0.0002	74
mt	base	3012	7.3392	30.5082	28448	0.0006	78
mt	gcc14	3012	7.2593	29.7786	28448	0.0002	74
mt	clang20	3012	6.9755	22.5264	28448	0.0001	74
mt	gcc14	3013	7.2574	29.6784	28567	0.0002	73
mt	clang20	3013	7.0030	22.6719	28567	0.0002	74
mt	base	3013	7.4704	31.1098	28567	0.0005	72
mt	clang20	3014	7.2491	23.0773	28327	0.0002	78
mt	base	3014	7.5456	31.4901	28327	0.0006	80
mt	gcc14	3014	7.5196	30.5460	28327	0.0002	75
mt	base	3015	7.5313	31.5245	28525	0.0006	84
mt	gcc14	3015	7.5825	30.8300	28525	0.0002	74
mt	clang20	3015	7.2584	23.1756	28525	0.0002	75
mt	gcc14	3016	7.5677	30.7773	28409	0.0002	75
mt	clang20	3016	7.2211	23.2326	28409	0.0002	77
mt	base	3016	7.3457	30.6566	28409	0.0006	75
mt	clang20	3017	6.9670	22.5829	28291	0.0002	77
mt	base	3017	7.2287	30.2617	28291	0.0006	73
mt	gcc14	3017	7.2426	29.7385	28291	0.0002	75
mt	base	3018	7.3024	30.5539	28576	0.0006	75
mt	gcc14	3018	7.3240	29.9868	28576	0.0002	72
mt	clang20	3018	6.9870	22.6267	28576	0.0001	75
mt	gcc14	3019	7.3438	30.2724	28523	0.0002	73
mt	clang20	3019	6.9913	22.6801	28523	0.0002	73
mt	base	3019	7.2860	30.4937	28523	0.0006	73
mt	clang20	3020	7.0236	22.7619	28381	0.0002	74
mt	base	3020	7.2408	30.4522	28381	0.0005	74
mt	gcc14	3020	7.2758	29.8955	28381	0.0002	72
st	gcc14	4001	3.1572	4.1296	3622	NA	73
st	clang20	4001	2.8063	3.7195	3622	NA	74
st	base	4001	3.1840	4.1562	3622	NA	72
st	clang20	4002	2.7943	3.7079	3601	NA	71
st	base	4002	3.1913	4.1634	3601	NA	73
st	gcc14	4002	3.1389	4.1089	3601	NA	71
st	base	4003	3.0277	3.9569	3478	NA	70
st	gcc14	4003	3.0051	3.9291	3478	NA	71
st	clang20	4003	2.6237	3.4800	3478	NA	71
st	gcc14	4004	3.1383	4.0524	3511	NA	71
st	clang20	4004	2.7134	3.5720	3511	NA	72
st	base	4004	3.0734	4.0061	3511	NA	72
st	clang20	4005	2.8123	3.7142	3714	NA	68
st	base	4005	3.2510	4.2320	3714	NA	70
st	gcc14	4005	3.2186	4.1924	3714	NA	70
st	base	4006	3.1399	4.0915	3613	NA	70
st	gcc14	4006	3.0856	4.0252	3613	NA	69
st	clang20	4006	2.7009	3.5735	3613	NA	70
st	gcc14	4007	3.0765	4.0036	3604	NA	70
st	clang20	4007	2.6601	3.5205	3604	NA	68
st	base	4007	3.0981	4.0320	3604	NA	70
st	clang20	4008	2.5660	3.4019	3525	NA	68
st	base	4008	3.0207	3.9213	3525	NA	70
st	gcc14	4008	2.9355	3.8246	3525	NA	68
st	base	4009	3.0019	3.9038	3558	NA	68
st	gcc14	4009	3.1727	4.0669	3558	NA	68
st	clang20	4009	2.5709	3.4100	3558	NA	70
st	gcc14	4010	3.1152	4.0557	3752	NA	69
st	clang20	4010	2.7275	3.6108	3752	NA	68
st	base	4010	3.1851	4.1346	3752	NA	69
st	clang20	4011	2.6272	3.4754	3579	NA	69
st	base	4011	3.0323	3.9389	3579	NA	69
st	gcc14	4011	2.9949	3.8960	3579	NA	70
st	base	4012	2.9831	3.8916	3587	NA	69
st	gcc14	4012	2.9185	3.8191	3587	NA	66
st	clang20	4012	2.5838	3.4326	3587	NA	68
st	gcc14	4013	3.0265	3.9477	3663	NA	67
st	clang20	4013	2.7012	3.5717	3663	NA	69
st	base	4013	3.0789	4.0044	3663	NA	69
st	clang20	4014	2.6091	3.4573	3583	NA	68
st	base	4014	2.9796	3.8819	3583	NA	68
st	gcc14	4014	3.1820	4.0807	3583	NA	68
st	base	4015	3.0940	4.0277	3676	NA	68
st	gcc14	4015	3.0561	3.9860	3676	NA	69
st	clang20	4015	2.7111	3.5889	3676	NA	68
st	gcc14	4016	2.7780	3.6307	3421	NA	67
st	clang20	4016	2.4466	3.2505	3421	NA	67
st	base	4016	2.7902	3.6444	3421	NA	69
st	clang20	4017	2.6252	3.4810	3633	NA	66
st	base	4017	2.9918	3.9014	3633	NA	69
st	gcc14	4017	2.9537	3.8597	3633	NA	68
st	base	4018	2.9443	3.8431	3573	NA	66
st	gcc14	4018	2.9052	3.7998	3573	NA	67
st	clang20	4018	2.5948	3.4416	3573	NA	67
st	gcc14	4019	3.0061	3.9215	3660	NA	67
st	clang20	4019	2.6609	3.5269	3660	NA	69
st	base	4019	3.0344	3.9529	3660	NA	66
st	clang20	4020	2.8363	3.6815	3569	NA	70
st	base	4020	2.9284	3.8235	3569	NA	68
st	gcc14	4020	2.8945	3.7867	3569	NA	68
